label,path,status,sha256
0,/content/asl-static-recognition/data/raw/asl_dataset/0/P10_0_905.jpg,ok,45d113981a1f5de48230b2255619abaeb90b6ea4a16aedeed8f4595bdb0d1733
0,/content/asl-static-recognition/data/raw/asl_dataset/0/P10_0_906.jpg,ok,45d113981a1f5de48230b2255619abaeb90b6ea4a16aedeed8f4595bdb0d1733
0,/content/asl-static-recognition/data/raw/asl_dataset/0/P10_0_907.jpg,ok,45d113981a1f5de48230b2255619abaeb90b6ea4a16aedeed8f4595bdb0d1733
0,/content/asl-static-recognition/data/raw/asl_dataset/0/P10_0_908.jpg,ok,45d113981a1f5de48230b2255619abaeb90b6ea4a16aedeed8f4595bdb0d1733
0,/content/asl-static-recognition/data/raw/asl_dataset/0/P2_0_109.jpg,ok,879219fbbd9466c10f27b45137909a59ca83dcfc2602a971469b412cfa2b0aae
0,/content/asl-static-recognition/data/raw/asl_dataset/0/P2_0_110.jpg,ok,879219fbbd9466c10f27b45137909a59ca83dcfc2602a971469b412cfa2b0aae
0,/content/asl-static-recognition/data/raw/asl_dataset/0/P2_0_121.jpg,ok,d5747945ce172f3e3f4abb918bd781bd8a6a2dd8ee9822bca70fc6554dc13064
0,/content/asl-static-recognition/data/raw/asl_dataset/0/P2_0_122.jpg,ok,d5747945ce172f3e3f4abb918bd781bd8a6a2dd8ee9822bca70fc6554dc13064
0,/content/asl-static-recognition/data/raw/asl_dataset/0/P2_0_168.jpg,ok,621f9ce3ddf94061f172ed40be562c4001af3553f552fdbe5251bf690493015e
0,/content/asl-static-recognition/data/raw/asl_dataset/0/P2_0_172.jpg,ok,5ee4821af4806bbd5b86c171a5f9cf710e9b544d3907de87f9555083679b4b22
0,/content/asl-static-recognition/data/raw/asl_dataset/0/P2_0_173.jpg,ok,5ee4821af4806bbd5b86c171a5f9cf710e9b544d3907de87f9555083679b4b22
0,/content/asl-static-recognition/data/raw/asl_dataset/0/P2_0_179.jpg,ok,621f9ce3ddf94061f172ed40be562c4001af3553f552fdbe5251bf690493015e
0,/content/asl-static-recognition/data/raw/asl_dataset/0/P7_0_657.jpg,ok,8260301d5542eec8fe44c735c862067d114e10d75f1fd41f088ed884aedbdd1c
0,/content/asl-static-recognition/data/raw/asl_dataset/0/P7_0_668.jpg,ok,8260301d5542eec8fe44c735c862067d114e10d75f1fd41f088ed884aedbdd1c
1,/content/asl-static-recognition/data/raw/asl_dataset/1/P10_1_906.jpg,ok,07a119938e365c8a43a151ff49c928fde1652ee2030e9b261efcbc7aca8b9bcb
1,/content/asl-static-recognition/data/raw/asl_dataset/1/P10_1_907.jpg,ok,07a119938e365c8a43a151ff49c928fde1652ee2030e9b261efcbc7aca8b9bcb
1,/content/asl-static-recognition/data/raw/asl_dataset/1/P10_1_931.jpg,ok,963f44ffd4a2725a3d4649d51cd299eed9d88474540179a2ceeab546de7b531a
1,/content/asl-static-recognition/data/raw/asl_dataset/1/P10_1_932.jpg,ok,963f44ffd4a2725a3d4649d51cd299eed9d88474540179a2ceeab546de7b531a
1,/content/asl-static-recognition/data/raw/asl_dataset/1/P10_1_958.jpg,ok,bda31424682a69298e08743fa9806a2175dc4a69d28b630e37ee3162d1c3fee3
1,/content/asl-static-recognition/data/raw/asl_dataset/1/P10_1_959.jpg,ok,bda31424682a69298e08743fa9806a2175dc4a69d28b630e37ee3162d1c3fee3
1,/content/asl-static-recognition/data/raw/asl_dataset/1/P2_1_112.jpg,ok,fbc32802a6c82483e9c112b05ca95113c9b6fa41a9dcdfbd0e319c6cc094c769
1,/content/asl-static-recognition/data/raw/asl_dataset/1/P2_1_114.jpg,ok,fbc32802a6c82483e9c112b05ca95113c9b6fa41a9dcdfbd0e319c6cc094c769
1,/content/asl-static-recognition/data/raw/asl_dataset/1/P2_1_131.jpg,ok,cab0d325b4ef1a29320957af5e2d14417bebd5f85f62faf24476610dad767f6f
1,/content/asl-static-recognition/data/raw/asl_dataset/1/P2_1_132.jpg,ok,cab0d325b4ef1a29320957af5e2d14417bebd5f85f62faf24476610dad767f6f
1,/content/asl-static-recognition/data/raw/asl_dataset/1/P2_1_133.jpg,ok,230686b5fc826d7adfc830aed8f931e9613e42ad5d884d8f885f282a1ce6d1c3
1,/content/asl-static-recognition/data/raw/asl_dataset/1/P2_1_134.jpg,ok,230686b5fc826d7adfc830aed8f931e9613e42ad5d884d8f885f282a1ce6d1c3
1,/content/asl-static-recognition/data/raw/asl_dataset/1/P2_1_161.jpg,ok,03a3426aeb635fd1ecd6bd5bccaf2cdb6afede6ce6417dc1d4c144b79fd900d6
1,/content/asl-static-recognition/data/raw/asl_dataset/1/P2_1_162.jpg,ok,03a3426aeb635fd1ecd6bd5bccaf2cdb6afede6ce6417dc1d4c144b79fd900d6
1,/content/asl-static-recognition/data/raw/asl_dataset/1/P2_1_163.jpg,ok,03a3426aeb635fd1ecd6bd5bccaf2cdb6afede6ce6417dc1d4c144b79fd900d6
1,/content/asl-static-recognition/data/raw/asl_dataset/1/P2_1_191.jpg,ok,36b3351f6d4a12cac1d561c476ad613b29927bfbca9b71fb37a2ca030a53fb37
1,/content/asl-static-recognition/data/raw/asl_dataset/1/P2_1_192.jpg,ok,36b3351f6d4a12cac1d561c476ad613b29927bfbca9b71fb37a2ca030a53fb37
2,/content/asl-static-recognition/data/raw/asl_dataset/2/P10_2_906.jpg,ok,524bd6f4d5ddcdd59b1060da0561711a74e7497b62e37006d8fab56b4cff357d
2,/content/asl-static-recognition/data/raw/asl_dataset/2/P10_2_907.jpg,ok,524bd6f4d5ddcdd59b1060da0561711a74e7497b62e37006d8fab56b4cff357d
2,/content/asl-static-recognition/data/raw/asl_dataset/2/P2_2_122.jpg,ok,32ad9f3db7c140c6f68ca63016c748a0ca6c9fa8a6ef7ef51b38fe0eb4fc5803
2,/content/asl-static-recognition/data/raw/asl_dataset/2/P2_2_123.jpg,ok,32ad9f3db7c140c6f68ca63016c748a0ca6c9fa8a6ef7ef51b38fe0eb4fc5803
2,/content/asl-static-recognition/data/raw/asl_dataset/2/P5_2_439.jpg,ok,69a7f8386f11341f05d0cad6e5384d6465cfac9710822321a7ff06a2f9208e2a
2,/content/asl-static-recognition/data/raw/asl_dataset/2/P5_2_440.jpg,ok,69a7f8386f11341f05d0cad6e5384d6465cfac9710822321a7ff06a2f9208e2a
2,/content/asl-static-recognition/data/raw/asl_dataset/2/P5_2_441.jpg,ok,69a7f8386f11341f05d0cad6e5384d6465cfac9710822321a7ff06a2f9208e2a
2,/content/asl-static-recognition/data/raw/asl_dataset/2/P5_2_473.jpg,ok,b646548775d545bbf0cf3418dd392ab4a9d4eee84c48680c32d993ce2824d602
2,/content/asl-static-recognition/data/raw/asl_dataset/2/P5_2_474.jpg,ok,b646548775d545bbf0cf3418dd392ab4a9d4eee84c48680c32d993ce2824d602
2,/content/asl-static-recognition/data/raw/asl_dataset/2/P6_2_503.jpg,ok,607d673d23b1a533b939c170246bfe2de05004f610d6b3304e39d01890731ecb
2,/content/asl-static-recognition/data/raw/asl_dataset/2/P6_2_595.jpg,ok,40425570c3d25c208d0455223acfc7d1791c3eb2e6776da97689c1e91932f366
2,/content/asl-static-recognition/data/raw/asl_dataset/2/P6_2_596.jpg,ok,607d673d23b1a533b939c170246bfe2de05004f610d6b3304e39d01890731ecb
2,/content/asl-static-recognition/data/raw/asl_dataset/2/P6_2_599.jpg,ok,40425570c3d25c208d0455223acfc7d1791c3eb2e6776da97689c1e91932f366
2,/content/asl-static-recognition/data/raw/asl_dataset/2/P6_2_600.jpg,ok,607d673d23b1a533b939c170246bfe2de05004f610d6b3304e39d01890731ecb
3,/content/asl-static-recognition/data/raw/asl_dataset/3/P10_3_927.jpg,ok,2d19ea52352ac8921333f71d0342fd8075e597efe5d2e97c3b0a6f28cb372c77
3,/content/asl-static-recognition/data/raw/asl_dataset/3/P10_3_928.jpg,ok,2d19ea52352ac8921333f71d0342fd8075e597efe5d2e97c3b0a6f28cb372c77
3,/content/asl-static-recognition/data/raw/asl_dataset/3/P2_3_121.jpg,ok,a66573c027ca138bc21e095df1e62e67a19d4f6b8af8840c9fb6b2d1dd8a62b6
3,/content/asl-static-recognition/data/raw/asl_dataset/3/P2_3_122.jpg,ok,a66573c027ca138bc21e095df1e62e67a19d4f6b8af8840c9fb6b2d1dd8a62b6
4,/content/asl-static-recognition/data/raw/asl_dataset/4/P10_4_953.jpg,ok,2402a9f38dc02bd4cd1c8765488cdf758bbd06d02cfd3f5d8afbaffd433e259e
4,/content/asl-static-recognition/data/raw/asl_dataset/4/P10_4_954.jpg,ok,2402a9f38dc02bd4cd1c8765488cdf758bbd06d02cfd3f5d8afbaffd433e259e
4,/content/asl-static-recognition/data/raw/asl_dataset/4/P10_4_994.jpg,ok,d6c3e97cb76da3f6d8f1f0333728602999b993f6239df23eea3228f14357fcbc
4,/content/asl-static-recognition/data/raw/asl_dataset/4/P10_4_995.jpg,ok,d6c3e97cb76da3f6d8f1f0333728602999b993f6239df23eea3228f14357fcbc
4,/content/asl-static-recognition/data/raw/asl_dataset/4/P2_4_108.jpg,ok,cd059600c18dee13b752807acc569e35a83856de4742c5c685acd941b12d2685
4,/content/asl-static-recognition/data/raw/asl_dataset/4/P2_4_109.jpg,ok,cd059600c18dee13b752807acc569e35a83856de4742c5c685acd941b12d2685
5,/content/asl-static-recognition/data/raw/asl_dataset/5/P10_5_952.jpg,ok,563489581beccfb866e67ce8cc7c3751d883d55e139bb4095ff65ab1f0ab5018
5,/content/asl-static-recognition/data/raw/asl_dataset/5/P10_5_953.jpg,ok,563489581beccfb866e67ce8cc7c3751d883d55e139bb4095ff65ab1f0ab5018
5,/content/asl-static-recognition/data/raw/asl_dataset/5/P10_5_954.jpg,ok,563489581beccfb866e67ce8cc7c3751d883d55e139bb4095ff65ab1f0ab5018
5,/content/asl-static-recognition/data/raw/asl_dataset/5/P2_5_114.jpg,ok,786e838d0de7f6d7add46ed4364009791b1a44d575fe0eec061e0f364c70f70f
5,/content/asl-static-recognition/data/raw/asl_dataset/5/P2_5_115.jpg,ok,786e838d0de7f6d7add46ed4364009791b1a44d575fe0eec061e0f364c70f70f
5,/content/asl-static-recognition/data/raw/asl_dataset/5/P2_5_116.jpg,ok,786e838d0de7f6d7add46ed4364009791b1a44d575fe0eec061e0f364c70f70f
5,/content/asl-static-recognition/data/raw/asl_dataset/5/P2_5_117.jpg,ok,786e838d0de7f6d7add46ed4364009791b1a44d575fe0eec061e0f364c70f70f
5,/content/asl-static-recognition/data/raw/asl_dataset/5/P2_5_118.jpg,ok,786e838d0de7f6d7add46ed4364009791b1a44d575fe0eec061e0f364c70f70f
5,/content/asl-static-recognition/data/raw/asl_dataset/5/P2_5_119.jpg,ok,786e838d0de7f6d7add46ed4364009791b1a44d575fe0eec061e0f364c70f70f
5,/content/asl-static-recognition/data/raw/asl_dataset/5/P2_5_121.jpg,ok,cd140abcb1c9ee0c9a216390950a469fd72240a50b0e7fbce0f6566476a96118
5,/content/asl-static-recognition/data/raw/asl_dataset/5/P2_5_122.jpg,ok,cd140abcb1c9ee0c9a216390950a469fd72240a50b0e7fbce0f6566476a96118
5,/content/asl-static-recognition/data/raw/asl_dataset/5/P2_5_123.jpg,ok,2fc36db7bd45d6197fbebb7df5d90a7c55919db515d95bf855b75b17bf31b8bf
5,/content/asl-static-recognition/data/raw/asl_dataset/5/P2_5_125.jpg,ok,2fc36db7bd45d6197fbebb7df5d90a7c55919db515d95bf855b75b17bf31b8bf
5,/content/asl-static-recognition/data/raw/asl_dataset/5/P2_5_126.jpg,ok,2fc36db7bd45d6197fbebb7df5d90a7c55919db515d95bf855b75b17bf31b8bf
5,/content/asl-static-recognition/data/raw/asl_dataset/5/P2_5_127.jpg,ok,2fc36db7bd45d6197fbebb7df5d90a7c55919db515d95bf855b75b17bf31b8bf
5,/content/asl-static-recognition/data/raw/asl_dataset/5/P2_5_128.jpg,ok,461fb352fdf6206a6aad5c8f328783956efec40cbecceadc03868a8d60430e2b
5,/content/asl-static-recognition/data/raw/asl_dataset/5/P2_5_129.jpg,ok,461fb352fdf6206a6aad5c8f328783956efec40cbecceadc03868a8d60430e2b
5,/content/asl-static-recognition/data/raw/asl_dataset/5/P2_5_130.jpg,ok,461fb352fdf6206a6aad5c8f328783956efec40cbecceadc03868a8d60430e2b
5,/content/asl-static-recognition/data/raw/asl_dataset/5/P2_5_131.jpg,ok,461fb352fdf6206a6aad5c8f328783956efec40cbecceadc03868a8d60430e2b
5,/content/asl-static-recognition/data/raw/asl_dataset/5/P2_5_132.jpg,ok,461fb352fdf6206a6aad5c8f328783956efec40cbecceadc03868a8d60430e2b
5,/content/asl-static-recognition/data/raw/asl_dataset/5/P2_5_133.jpg,ok,34b8cc2538ce200144ff82c739724ce7f8a6bd0a7892b3cd45fee80897f3e1a2
5,/content/asl-static-recognition/data/raw/asl_dataset/5/P2_5_134.jpg,ok,34b8cc2538ce200144ff82c739724ce7f8a6bd0a7892b3cd45fee80897f3e1a2
5,/content/asl-static-recognition/data/raw/asl_dataset/5/P2_5_136.jpg,ok,34b8cc2538ce200144ff82c739724ce7f8a6bd0a7892b3cd45fee80897f3e1a2
5,/content/asl-static-recognition/data/raw/asl_dataset/5/P2_5_137.jpg,ok,34b8cc2538ce200144ff82c739724ce7f8a6bd0a7892b3cd45fee80897f3e1a2
5,/content/asl-static-recognition/data/raw/asl_dataset/5/P2_5_151.jpg,ok,5778cb8e466f862dc3833612ee25b748437ffec30683253d5ef0407718aa0272
5,/content/asl-static-recognition/data/raw/asl_dataset/5/P2_5_152.jpg,ok,5778cb8e466f862dc3833612ee25b748437ffec30683253d5ef0407718aa0272
5,/content/asl-static-recognition/data/raw/asl_dataset/5/P2_5_155.jpg,ok,a48a6689fd39fb2d1bb150e6d9188a2acdc9937bff938d896116855f61d309af
5,/content/asl-static-recognition/data/raw/asl_dataset/5/P2_5_156.jpg,ok,a48a6689fd39fb2d1bb150e6d9188a2acdc9937bff938d896116855f61d309af
5,/content/asl-static-recognition/data/raw/asl_dataset/5/P2_5_158.jpg,ok,a48a6689fd39fb2d1bb150e6d9188a2acdc9937bff938d896116855f61d309af
5,/content/asl-static-recognition/data/raw/asl_dataset/5/P2_5_159.jpg,ok,a48a6689fd39fb2d1bb150e6d9188a2acdc9937bff938d896116855f61d309af
5,/content/asl-static-recognition/data/raw/asl_dataset/5/P2_5_160.jpg,ok,a48a6689fd39fb2d1bb150e6d9188a2acdc9937bff938d896116855f61d309af
5,/content/asl-static-recognition/data/raw/asl_dataset/5/P2_5_165.jpg,ok,958b80ffb0da02570f1ec4e20da48294c93a3b9dc67259b6a14e1ff1ce6ecfab
5,/content/asl-static-recognition/data/raw/asl_dataset/5/P2_5_166.jpg,ok,958b80ffb0da02570f1ec4e20da48294c93a3b9dc67259b6a14e1ff1ce6ecfab
5,/content/asl-static-recognition/data/raw/asl_dataset/5/P5_5_436.jpg,ok,1d3b26fae647b08fc8c7a871f5c9e01935232f0520daffe93270e7de0fd69f7a
5,/content/asl-static-recognition/data/raw/asl_dataset/5/P5_5_437.jpg,ok,1d3b26fae647b08fc8c7a871f5c9e01935232f0520daffe93270e7de0fd69f7a
5,/content/asl-static-recognition/data/raw/asl_dataset/5/P5_5_438.jpg,ok,1d3b26fae647b08fc8c7a871f5c9e01935232f0520daffe93270e7de0fd69f7a
5,/content/asl-static-recognition/data/raw/asl_dataset/5/P5_5_439.jpg,ok,1d3b26fae647b08fc8c7a871f5c9e01935232f0520daffe93270e7de0fd69f7a
5,/content/asl-static-recognition/data/raw/asl_dataset/5/P9_5_884.jpg,ok,28f0c20542694a146163e9276b1c610d88c66b5e4ea970aa0c116943f480645e
5,/content/asl-static-recognition/data/raw/asl_dataset/5/P9_5_885.jpg,ok,28f0c20542694a146163e9276b1c610d88c66b5e4ea970aa0c116943f480645e
6,/content/asl-static-recognition/data/raw/asl_dataset/6/P10_6_909.jpg,ok,1c3a756d96b52786560ec28c6bff379b266a6779150ad939abde3df3a78f7522
6,/content/asl-static-recognition/data/raw/asl_dataset/6/P10_6_910.jpg,ok,1c3a756d96b52786560ec28c6bff379b266a6779150ad939abde3df3a78f7522
6,/content/asl-static-recognition/data/raw/asl_dataset/6/P10_6_957.jpg,ok,1e08cc35d74bb8b196bee639f1bd2351d283651a86a795bffc13fcf90ffc6e27
6,/content/asl-static-recognition/data/raw/asl_dataset/6/P10_6_968.jpg,ok,1e08cc35d74bb8b196bee639f1bd2351d283651a86a795bffc13fcf90ffc6e27
6,/content/asl-static-recognition/data/raw/asl_dataset/6/P10_6_979.jpg,ok,1e08cc35d74bb8b196bee639f1bd2351d283651a86a795bffc13fcf90ffc6e27
6,/content/asl-static-recognition/data/raw/asl_dataset/6/P10_6_993.jpg,ok,be19b97be0a02d9adc7dd9e935bc034dc02a2a1a33e9350e46619fb5e7497532
6,/content/asl-static-recognition/data/raw/asl_dataset/6/P10_6_994.jpg,ok,be19b97be0a02d9adc7dd9e935bc034dc02a2a1a33e9350e46619fb5e7497532
6,/content/asl-static-recognition/data/raw/asl_dataset/6/P2_6_101.jpg,ok,706c88770e0a2d213233216b9381f5d832da4f680c6aa3eb5bf3404ca423f524
6,/content/asl-static-recognition/data/raw/asl_dataset/6/P2_6_113.jpg,ok,706c88770e0a2d213233216b9381f5d832da4f680c6aa3eb5bf3404ca423f524
6,/content/asl-static-recognition/data/raw/asl_dataset/6/P2_6_145.jpg,ok,b5cbf0b6b2994c6115b3c437ade4076121c797ef028d41323db4d28b5d1807f4
6,/content/asl-static-recognition/data/raw/asl_dataset/6/P2_6_147.jpg,ok,b5cbf0b6b2994c6115b3c437ade4076121c797ef028d41323db4d28b5d1807f4
6,/content/asl-static-recognition/data/raw/asl_dataset/6/P2_6_159.jpg,ok,21e3ae9c140a44e455dd833f387ebb5dbba53a84412a93b64f708f16db2fe8b1
6,/content/asl-static-recognition/data/raw/asl_dataset/6/P2_6_160.jpg,ok,21e3ae9c140a44e455dd833f387ebb5dbba53a84412a93b64f708f16db2fe8b1
6,/content/asl-static-recognition/data/raw/asl_dataset/6/P2_6_161.jpg,ok,21e3ae9c140a44e455dd833f387ebb5dbba53a84412a93b64f708f16db2fe8b1
6,/content/asl-static-recognition/data/raw/asl_dataset/6/P8_6_706.jpg,ok,b6a1525b482a8a1bb465d647b032f0cab804ebdfa9ea7c0bac194edc0b88addd
6,/content/asl-static-recognition/data/raw/asl_dataset/6/P8_6_707.jpg,ok,b6a1525b482a8a1bb465d647b032f0cab804ebdfa9ea7c0bac194edc0b88addd
7,/content/asl-static-recognition/data/raw/asl_dataset/7/P10_7_948.jpg,ok,f318d6ad2c69aa85f31e973fdcdacb1b44c2bc90212f4dcf57e457fdb4a7933a
7,/content/asl-static-recognition/data/raw/asl_dataset/7/P10_7_949.jpg,ok,f318d6ad2c69aa85f31e973fdcdacb1b44c2bc90212f4dcf57e457fdb4a7933a
7,/content/asl-static-recognition/data/raw/asl_dataset/7/P10_7_951.jpg,ok,7f5d695e83a5507df73261164c571800173698c2d831820774f1d0b2489ee6ec
7,/content/asl-static-recognition/data/raw/asl_dataset/7/P10_7_952.jpg,ok,7f5d695e83a5507df73261164c571800173698c2d831820774f1d0b2489ee6ec
7,/content/asl-static-recognition/data/raw/asl_dataset/7/P2_7_131.jpg,ok,314b4b6fb5da13274a9fc335c627a449285b1e3879e739b3c4fbbe0c76246960
7,/content/asl-static-recognition/data/raw/asl_dataset/7/P2_7_132.jpg,ok,314b4b6fb5da13274a9fc335c627a449285b1e3879e739b3c4fbbe0c76246960
7,/content/asl-static-recognition/data/raw/asl_dataset/7/P2_7_133.jpg,ok,314b4b6fb5da13274a9fc335c627a449285b1e3879e739b3c4fbbe0c76246960
7,/content/asl-static-recognition/data/raw/asl_dataset/7/P2_7_182.jpg,ok,19e7bd610b940146c9763b8398d21fe90916e2f77f0966f97f530423d2b9d89c
7,/content/asl-static-recognition/data/raw/asl_dataset/7/P2_7_183.jpg,ok,19e7bd610b940146c9763b8398d21fe90916e2f77f0966f97f530423d2b9d89c
8,/content/asl-static-recognition/data/raw/asl_dataset/8/P10_8_921.jpg,ok,f5fc036554976f94dbbd3b0209a919928c04aebdb016ecfaca3a8cb1f7582798
8,/content/asl-static-recognition/data/raw/asl_dataset/8/P10_8_922.jpg,ok,f5fc036554976f94dbbd3b0209a919928c04aebdb016ecfaca3a8cb1f7582798
8,/content/asl-static-recognition/data/raw/asl_dataset/8/P10_8_997.jpg,ok,9be61b25364b4493413b620727e9ba54af2cc2e9579444176bbac1f91d27db34
8,/content/asl-static-recognition/data/raw/asl_dataset/8/P10_8_998.jpg,ok,9be61b25364b4493413b620727e9ba54af2cc2e9579444176bbac1f91d27db34
8,/content/asl-static-recognition/data/raw/asl_dataset/8/P2_8_121.jpg,ok,4c6eaafa61ab4b8e8b15f26901d580090db835a098111653a157d4c30c9b24b8
8,/content/asl-static-recognition/data/raw/asl_dataset/8/P2_8_122.jpg,ok,4c6eaafa61ab4b8e8b15f26901d580090db835a098111653a157d4c30c9b24b8
8,/content/asl-static-recognition/data/raw/asl_dataset/8/P2_8_128.jpg,ok,00f358cd8fa9f22daa0fe53026c3e3799425b086532ed5531841aab68bb5e1e6
8,/content/asl-static-recognition/data/raw/asl_dataset/8/P2_8_129.jpg,ok,00f358cd8fa9f22daa0fe53026c3e3799425b086532ed5531841aab68bb5e1e6
8,/content/asl-static-recognition/data/raw/asl_dataset/8/P2_8_191.jpg,ok,b642d191d5be9eeeffd2a554e75378435ac7aa5babffb73942df526a5bfb5ecf
8,/content/asl-static-recognition/data/raw/asl_dataset/8/P2_8_192.jpg,ok,b642d191d5be9eeeffd2a554e75378435ac7aa5babffb73942df526a5bfb5ecf
8,/content/asl-static-recognition/data/raw/asl_dataset/8/P2_8_193.jpg,ok,b642d191d5be9eeeffd2a554e75378435ac7aa5babffb73942df526a5bfb5ecf
8,/content/asl-static-recognition/data/raw/asl_dataset/8/P5_8_440.jpg,ok,0c871bd3e8b0e56b27e2e7574f75e774a166cb01e347bc472544d657242e966f
8,/content/asl-static-recognition/data/raw/asl_dataset/8/P5_8_441.jpg,ok,0c871bd3e8b0e56b27e2e7574f75e774a166cb01e347bc472544d657242e966f
9,/content/asl-static-recognition/data/raw/asl_dataset/9/P10_9_910.jpg,ok,7e67935957dabe5bcdfa62e9252296c2f1561b1bd32f6945902f6ea9cc3aa024
9,/content/asl-static-recognition/data/raw/asl_dataset/9/P10_9_911.jpg,ok,7e67935957dabe5bcdfa62e9252296c2f1561b1bd32f6945902f6ea9cc3aa024
9,/content/asl-static-recognition/data/raw/asl_dataset/9/P10_9_912.jpg,ok,7e67935957dabe5bcdfa62e9252296c2f1561b1bd32f6945902f6ea9cc3aa024
9,/content/asl-static-recognition/data/raw/asl_dataset/9/P10_9_925.jpg,ok,7e04994499baa0cd834b7ca7cb5cda0149c63ffb6cb12ebfaa5c55ff0b197a9f
9,/content/asl-static-recognition/data/raw/asl_dataset/9/P10_9_926.jpg,ok,7e04994499baa0cd834b7ca7cb5cda0149c63ffb6cb12ebfaa5c55ff0b197a9f
9,/content/asl-static-recognition/data/raw/asl_dataset/9/P10_9_927.jpg,ok,7e04994499baa0cd834b7ca7cb5cda0149c63ffb6cb12ebfaa5c55ff0b197a9f
9,/content/asl-static-recognition/data/raw/asl_dataset/9/P10_9_935.jpg,ok,2670ca9e8cce4677a98862ea9d77dafb4593a15fa081dba70a725f490e5def11
9,/content/asl-static-recognition/data/raw/asl_dataset/9/P10_9_946.jpg,ok,2670ca9e8cce4677a98862ea9d77dafb4593a15fa081dba70a725f490e5def11
9,/content/asl-static-recognition/data/raw/asl_dataset/9/P10_9_954.jpg,ok,82569f24ff5cebb5b9dd83b5f0b8c20a7c0f1e1bf0c752b93574bd248defb754
9,/content/asl-static-recognition/data/raw/asl_dataset/9/P10_9_955.jpg,ok,82569f24ff5cebb5b9dd83b5f0b8c20a7c0f1e1bf0c752b93574bd248defb754
9,/content/asl-static-recognition/data/raw/asl_dataset/9/P10_9_956.jpg,ok,82569f24ff5cebb5b9dd83b5f0b8c20a7c0f1e1bf0c752b93574bd248defb754
9,/content/asl-static-recognition/data/raw/asl_dataset/9/P10_9_957.jpg,ok,2670ca9e8cce4677a98862ea9d77dafb4593a15fa081dba70a725f490e5def11
9,/content/asl-static-recognition/data/raw/asl_dataset/9/P10_9_972.jpg,ok,95fc985f6bf2ac22cd5115c0d38ac57f322640065fed91aa8323870e6ce78627
9,/content/asl-static-recognition/data/raw/asl_dataset/9/P10_9_973.jpg,ok,95fc985f6bf2ac22cd5115c0d38ac57f322640065fed91aa8323870e6ce78627
9,/content/asl-static-recognition/data/raw/asl_dataset/9/P10_9_985.jpg,ok,f79ff392fb81d42a3229476a9418e3b367e89209da0f783e8789bde59b5bb600
9,/content/asl-static-recognition/data/raw/asl_dataset/9/P10_9_986.jpg,ok,f79ff392fb81d42a3229476a9418e3b367e89209da0f783e8789bde59b5bb600
9,/content/asl-static-recognition/data/raw/asl_dataset/9/P10_9_987.jpg,ok,f79ff392fb81d42a3229476a9418e3b367e89209da0f783e8789bde59b5bb600
9,/content/asl-static-recognition/data/raw/asl_dataset/9/P2_9_102.jpg,ok,d015396fd35a4143fa8f00be84f008147213f06557241587a2e3d7befae2d6fb
9,/content/asl-static-recognition/data/raw/asl_dataset/9/P2_9_104.jpg,ok,d015396fd35a4143fa8f00be84f008147213f06557241587a2e3d7befae2d6fb
9,/content/asl-static-recognition/data/raw/asl_dataset/9/P2_9_113.jpg,ok,292a12750431e16c50fe2d0e4e64e011a900f7a04522aa9573ffaa0a5cdbeb92
9,/content/asl-static-recognition/data/raw/asl_dataset/9/P2_9_124.jpg,ok,292a12750431e16c50fe2d0e4e64e011a900f7a04522aa9573ffaa0a5cdbeb92
9,/content/asl-static-recognition/data/raw/asl_dataset/9/P2_9_135.jpg,ok,292a12750431e16c50fe2d0e4e64e011a900f7a04522aa9573ffaa0a5cdbeb92
9,/content/asl-static-recognition/data/raw/asl_dataset/9/P2_9_149.jpg,ok,5ba555c32f2bad728cc1ecd7e7eae7759b8e1370415405e72c673bccc2b40dbe
9,/content/asl-static-recognition/data/raw/asl_dataset/9/P2_9_150.jpg,ok,5ba555c32f2bad728cc1ecd7e7eae7759b8e1370415405e72c673bccc2b40dbe
9,/content/asl-static-recognition/data/raw/asl_dataset/9/P2_9_151.jpg,ok,5ba555c32f2bad728cc1ecd7e7eae7759b8e1370415405e72c673bccc2b40dbe
9,/content/asl-static-recognition/data/raw/asl_dataset/9/P2_9_155.jpg,ok,b389c534c5285faa0ed7829de3fd752c10758a75e9026174261748d352cf6b8d
9,/content/asl-static-recognition/data/raw/asl_dataset/9/P2_9_156.jpg,ok,b389c534c5285faa0ed7829de3fd752c10758a75e9026174261748d352cf6b8d
9,/content/asl-static-recognition/data/raw/asl_dataset/9/P2_9_158.jpg,ok,b389c534c5285faa0ed7829de3fd752c10758a75e9026174261748d352cf6b8d
9,/content/asl-static-recognition/data/raw/asl_dataset/9/P2_9_159.jpg,ok,b389c534c5285faa0ed7829de3fd752c10758a75e9026174261748d352cf6b8d
9,/content/asl-static-recognition/data/raw/asl_dataset/9/P2_9_160.jpg,ok,b389c534c5285faa0ed7829de3fd752c10758a75e9026174261748d352cf6b8d
9,/content/asl-static-recognition/data/raw/asl_dataset/9/P2_9_190.jpg,ok,d015396fd35a4143fa8f00be84f008147213f06557241587a2e3d7befae2d6fb
9,/content/asl-static-recognition/data/raw/asl_dataset/9/P2_9_192.jpg,ok,804b8f3086ee01f39f4c27d35bd06efadc3e22889758e41fd1fe4ecb379b677e
9,/content/asl-static-recognition/data/raw/asl_dataset/9/P2_9_193.jpg,ok,804b8f3086ee01f39f4c27d35bd06efadc3e22889758e41fd1fe4ecb379b677e
9,/content/asl-static-recognition/data/raw/asl_dataset/9/P2_9_194.jpg,ok,804b8f3086ee01f39f4c27d35bd06efadc3e22889758e41fd1fe4ecb379b677e
9,/content/asl-static-recognition/data/raw/asl_dataset/9/P7_9_671.jpg,ok,2128f2ff7cea3a3410b83acf3520ffa0f0445dcbfd18755a1bf58cd58e49a388
9,/content/asl-static-recognition/data/raw/asl_dataset/9/P7_9_672.jpg,ok,2128f2ff7cea3a3410b83acf3520ffa0f0445dcbfd18755a1bf58cd58e49a388
A,/content/asl-static-recognition/data/raw/asl_dataset/A/P10_A_927.jpg,ok,29fb82dc42225f112c5276ee782830024675a4db3ff17168d5d62d1e54f87ee0
A,/content/asl-static-recognition/data/raw/asl_dataset/A/P10_A_928.jpg,ok,29fb82dc42225f112c5276ee782830024675a4db3ff17168d5d62d1e54f87ee0
A,/content/asl-static-recognition/data/raw/asl_dataset/A/P10_A_955.jpg,ok,07a560b0dad810f65df9805fde44ff1c2dea693aeaf0cbe276f4ba6ed70b69c9
A,/content/asl-static-recognition/data/raw/asl_dataset/A/P10_A_956.jpg,ok,07a560b0dad810f65df9805fde44ff1c2dea693aeaf0cbe276f4ba6ed70b69c9
A,/content/asl-static-recognition/data/raw/asl_dataset/A/P4_A_337.jpg,ok,a45ccb42bf3b874d440b79082e127ca5bdc975be57dc6ab816077ceb532bf8a3
A,/content/asl-static-recognition/data/raw/asl_dataset/A/P4_A_338.jpg,ok,a45ccb42bf3b874d440b79082e127ca5bdc975be57dc6ab816077ceb532bf8a3
A,/content/asl-static-recognition/data/raw/asl_dataset/A/P4_A_339.jpg,ok,61f2129f4dc94648862b96b4e81d5ffe300c370b5178489f1d74424aa12a81f1
A,/content/asl-static-recognition/data/raw/asl_dataset/A/P4_A_340.jpg,ok,61f2129f4dc94648862b96b4e81d5ffe300c370b5178489f1d74424aa12a81f1
A,/content/asl-static-recognition/data/raw/asl_dataset/A/P5_A_404.jpg,ok,d3f6cb7218875245624e19c0b56fa5e0d19c89e329d2581754eaa7f74303d58f
A,/content/asl-static-recognition/data/raw/asl_dataset/A/P5_A_405.jpg,ok,d3f6cb7218875245624e19c0b56fa5e0d19c89e329d2581754eaa7f74303d58f
A,/content/asl-static-recognition/data/raw/asl_dataset/A/P5_A_406.jpg,ok,d3f6cb7218875245624e19c0b56fa5e0d19c89e329d2581754eaa7f74303d58f
A,/content/asl-static-recognition/data/raw/asl_dataset/A/P5_A_414.jpg,ok,b87d4d559e4a2830c153c5ed23e941fcda7f79886b9b1a79c81591efde51d56f
A,/content/asl-static-recognition/data/raw/asl_dataset/A/P5_A_415.jpg,ok,b87d4d559e4a2830c153c5ed23e941fcda7f79886b9b1a79c81591efde51d56f
A,/content/asl-static-recognition/data/raw/asl_dataset/A/P5_A_416.jpg,ok,b87d4d559e4a2830c153c5ed23e941fcda7f79886b9b1a79c81591efde51d56f
A,/content/asl-static-recognition/data/raw/asl_dataset/A/P9_A_803.jpg,ok,f39ca5cb89d2a0c93f840f191da8e36caea358560c5e14a060df86abc733df98
A,/content/asl-static-recognition/data/raw/asl_dataset/A/P9_A_831.jpg,ok,56fd7e590ec019c3aab5c7faac94a9191cc33bd8b0d124f0355489b160172784
A,/content/asl-static-recognition/data/raw/asl_dataset/A/P9_A_832.jpg,ok,56fd7e590ec019c3aab5c7faac94a9191cc33bd8b0d124f0355489b160172784
A,/content/asl-static-recognition/data/raw/asl_dataset/A/P9_A_860.jpg,ok,9c1ecbb893b6bb10423ff97f244e190d21c33d9c67cac79bbab0d9d3a29671f9
A,/content/asl-static-recognition/data/raw/asl_dataset/A/P9_A_861.jpg,ok,9c1ecbb893b6bb10423ff97f244e190d21c33d9c67cac79bbab0d9d3a29671f9
A,/content/asl-static-recognition/data/raw/asl_dataset/A/P9_A_862.jpg,ok,9c1ecbb893b6bb10423ff97f244e190d21c33d9c67cac79bbab0d9d3a29671f9
A,/content/asl-static-recognition/data/raw/asl_dataset/A/P9_A_873.jpg,ok,29b6b07c3d13a365ca1e7f0cce4449191b624fd7f433fdcad168677521b196b0
A,/content/asl-static-recognition/data/raw/asl_dataset/A/P9_A_874.jpg,ok,29b6b07c3d13a365ca1e7f0cce4449191b624fd7f433fdcad168677521b196b0
A,/content/asl-static-recognition/data/raw/asl_dataset/A/P9_A_899.jpg,ok,f39ca5cb89d2a0c93f840f191da8e36caea358560c5e14a060df86abc733df98
A,/content/asl-static-recognition/data/raw/asl_dataset/A/P9_A_900.jpg,ok,f39ca5cb89d2a0c93f840f191da8e36caea358560c5e14a060df86abc733df98
B,/content/asl-static-recognition/data/raw/asl_dataset/B/P10_B_930.jpg,ok,7222b99f66f425aec87ffbe84d8e95f27388ff536f1996de6375ed28749295d9
B,/content/asl-static-recognition/data/raw/asl_dataset/B/P10_B_931.jpg,ok,7222b99f66f425aec87ffbe84d8e95f27388ff536f1996de6375ed28749295d9
B,/content/asl-static-recognition/data/raw/asl_dataset/B/P10_B_932.jpg,ok,7222b99f66f425aec87ffbe84d8e95f27388ff536f1996de6375ed28749295d9
B,/content/asl-static-recognition/data/raw/asl_dataset/B/P10_B_938.jpg,ok,6c30f6ac74bf5fd568ea6e53a58b0c2fefee9bb6557ad1088cec62384e9f73c5
B,/content/asl-static-recognition/data/raw/asl_dataset/B/P10_B_939.jpg,ok,6c30f6ac74bf5fd568ea6e53a58b0c2fefee9bb6557ad1088cec62384e9f73c5
B,/content/asl-static-recognition/data/raw/asl_dataset/B/P10_B_985.jpg,ok,7e532a2456f196d6a1e49e86573b223262b98a47349105c0cad89657a749a225
B,/content/asl-static-recognition/data/raw/asl_dataset/B/P10_B_986.jpg,ok,7e532a2456f196d6a1e49e86573b223262b98a47349105c0cad89657a749a225
B,/content/asl-static-recognition/data/raw/asl_dataset/B/P7_B_611.jpg,ok,948076f4d8b5e1d1f8bdc9fd213f810379abaaa81e02a1c8f156be855788f1ba
B,/content/asl-static-recognition/data/raw/asl_dataset/B/P7_B_612.jpg,ok,948076f4d8b5e1d1f8bdc9fd213f810379abaaa81e02a1c8f156be855788f1ba
B,/content/asl-static-recognition/data/raw/asl_dataset/B/P7_B_614.jpg,ok,948076f4d8b5e1d1f8bdc9fd213f810379abaaa81e02a1c8f156be855788f1ba
B,/content/asl-static-recognition/data/raw/asl_dataset/B/P7_B_615.jpg,ok,948076f4d8b5e1d1f8bdc9fd213f810379abaaa81e02a1c8f156be855788f1ba
B,/content/asl-static-recognition/data/raw/asl_dataset/B/P7_B_616.jpg,ok,948076f4d8b5e1d1f8bdc9fd213f810379abaaa81e02a1c8f156be855788f1ba
B,/content/asl-static-recognition/data/raw/asl_dataset/B/P7_B_617.jpg,ok,948076f4d8b5e1d1f8bdc9fd213f810379abaaa81e02a1c8f156be855788f1ba
B,/content/asl-static-recognition/data/raw/asl_dataset/B/P7_B_618.jpg,ok,dc7b8c20f1fcac84345437e2535627418f6a769ea1ad0d92404438d228fa7b57
B,/content/asl-static-recognition/data/raw/asl_dataset/B/P7_B_619.jpg,ok,dc7b8c20f1fcac84345437e2535627418f6a769ea1ad0d92404438d228fa7b57
C,/content/asl-static-recognition/data/raw/asl_dataset/C/P2_C_137.jpg,ok,47b95e9d16688c331852a9cd1feb05e99a2134c65ef5efa20f8963d77154503d
C,/content/asl-static-recognition/data/raw/asl_dataset/C/P2_C_138.jpg,ok,47b95e9d16688c331852a9cd1feb05e99a2134c65ef5efa20f8963d77154503d
C,/content/asl-static-recognition/data/raw/asl_dataset/C/P2_C_139.jpg,ok,47b95e9d16688c331852a9cd1feb05e99a2134c65ef5efa20f8963d77154503d
C,/content/asl-static-recognition/data/raw/asl_dataset/C/P2_C_140.jpg,ok,47b95e9d16688c331852a9cd1feb05e99a2134c65ef5efa20f8963d77154503d
C,/content/asl-static-recognition/data/raw/asl_dataset/C/P2_C_145.jpg,ok,9b6b62417df8857f21fedf1f59314b411431744f417ec3356e0bd3af61a79c26
C,/content/asl-static-recognition/data/raw/asl_dataset/C/P2_C_147.jpg,ok,9b6b62417df8857f21fedf1f59314b411431744f417ec3356e0bd3af61a79c26
C,/content/asl-static-recognition/data/raw/asl_dataset/C/P2_C_148.jpg,ok,9b6b62417df8857f21fedf1f59314b411431744f417ec3356e0bd3af61a79c26
C,/content/asl-static-recognition/data/raw/asl_dataset/C/P4_C_372.jpg,ok,f524a8401f9562f2c1385266dea5aa12e86d0e7e17b55359f146e4260c3b89d4
C,/content/asl-static-recognition/data/raw/asl_dataset/C/P4_C_373.jpg,ok,f524a8401f9562f2c1385266dea5aa12e86d0e7e17b55359f146e4260c3b89d4
C,/content/asl-static-recognition/data/raw/asl_dataset/C/P5_C_420.jpg,ok,1fc3a88afe6c26101c5c0af24c9f83ac2792f37f0301f20cb2d152f5947075a6
C,/content/asl-static-recognition/data/raw/asl_dataset/C/P5_C_421.jpg,ok,1fc3a88afe6c26101c5c0af24c9f83ac2792f37f0301f20cb2d152f5947075a6
C,/content/asl-static-recognition/data/raw/asl_dataset/C/P5_C_422.jpg,ok,1fc3a88afe6c26101c5c0af24c9f83ac2792f37f0301f20cb2d152f5947075a6
C,/content/asl-static-recognition/data/raw/asl_dataset/C/P5_C_423.jpg,ok,1fc3a88afe6c26101c5c0af24c9f83ac2792f37f0301f20cb2d152f5947075a6
C,/content/asl-static-recognition/data/raw/asl_dataset/C/P5_C_425.jpg,ok,8d2bf019da912dbb1ee416d0b25cc1ee09c0344b47e147e89a6da6736f9242cb
C,/content/asl-static-recognition/data/raw/asl_dataset/C/P5_C_426.jpg,ok,8d2bf019da912dbb1ee416d0b25cc1ee09c0344b47e147e89a6da6736f9242cb
C,/content/asl-static-recognition/data/raw/asl_dataset/C/P5_C_427.jpg,ok,8d2bf019da912dbb1ee416d0b25cc1ee09c0344b47e147e89a6da6736f9242cb
C,/content/asl-static-recognition/data/raw/asl_dataset/C/P5_C_428.jpg,ok,8d2bf019da912dbb1ee416d0b25cc1ee09c0344b47e147e89a6da6736f9242cb
C,/content/asl-static-recognition/data/raw/asl_dataset/C/P5_C_480.jpg,ok,c1aac7dba178d60945de991622a997986816c095d3575c07e6fb204a6662cc81
C,/content/asl-static-recognition/data/raw/asl_dataset/C/P5_C_481.jpg,ok,c1aac7dba178d60945de991622a997986816c095d3575c07e6fb204a6662cc81
C,/content/asl-static-recognition/data/raw/asl_dataset/C/P9_C_855.jpg,ok,b6c7245b1bc6ce78b4bfcbceb7ac50781794aab4bb805fac89ecbf597e0a92db
C,/content/asl-static-recognition/data/raw/asl_dataset/C/P9_C_856.jpg,ok,b6c7245b1bc6ce78b4bfcbceb7ac50781794aab4bb805fac89ecbf597e0a92db
D,/content/asl-static-recognition/data/raw/asl_dataset/D/P10_D_959.jpg,ok,4472109693edfe466c2211c4233f00893454b8b7721c0f1b68c6dd9dc7bc3d45
D,/content/asl-static-recognition/data/raw/asl_dataset/D/P10_D_960.jpg,ok,4472109693edfe466c2211c4233f00893454b8b7721c0f1b68c6dd9dc7bc3d45
D,/content/asl-static-recognition/data/raw/asl_dataset/D/P10_D_961.jpg,ok,4472109693edfe466c2211c4233f00893454b8b7721c0f1b68c6dd9dc7bc3d45
D,/content/asl-static-recognition/data/raw/asl_dataset/D/P10_D_971.jpg,ok,932fcc46db503ef1aa2a44450332b287b31267cda31d3f3a721e37eec108a696
D,/content/asl-static-recognition/data/raw/asl_dataset/D/P10_D_972.jpg,ok,932fcc46db503ef1aa2a44450332b287b31267cda31d3f3a721e37eec108a696
D,/content/asl-static-recognition/data/raw/asl_dataset/D/P10_D_987.jpg,ok,cc5bc9087b4ec3d38baad05cb9c2ee85d81b9d7970e7d7a9e3dc69f98b234e63
D,/content/asl-static-recognition/data/raw/asl_dataset/D/P10_D_988.jpg,ok,cc5bc9087b4ec3d38baad05cb9c2ee85d81b9d7970e7d7a9e3dc69f98b234e63
D,/content/asl-static-recognition/data/raw/asl_dataset/D/P2_D_127.jpg,ok,b527da5c701a96f0f96176bbf93742b5d92556b167c39d8d97d9f8455e912ca7
D,/content/asl-static-recognition/data/raw/asl_dataset/D/P2_D_128.jpg,ok,b527da5c701a96f0f96176bbf93742b5d92556b167c39d8d97d9f8455e912ca7
D,/content/asl-static-recognition/data/raw/asl_dataset/D/P2_D_142.jpg,ok,cdf1d2c498d6430f1a0071a1d6a5a06ea32b6764e106d407fc1de762419b7afd
D,/content/asl-static-recognition/data/raw/asl_dataset/D/P2_D_143.jpg,ok,cdf1d2c498d6430f1a0071a1d6a5a06ea32b6764e106d407fc1de762419b7afd
D,/content/asl-static-recognition/data/raw/asl_dataset/D/P2_D_183.jpg,ok,91db847a5c16fa4bdcd1b4fdfed0b9feac673a6d474f7f32bafc67129be7d348
D,/content/asl-static-recognition/data/raw/asl_dataset/D/P2_D_184.jpg,ok,91db847a5c16fa4bdcd1b4fdfed0b9feac673a6d474f7f32bafc67129be7d348
D,/content/asl-static-recognition/data/raw/asl_dataset/D/P4_D_352.jpg,ok,c84a6e6a25c7952a264f8f31bf0faca39283b4d1d052e5b87af7056e1fab76e1
D,/content/asl-static-recognition/data/raw/asl_dataset/D/P4_D_353.jpg,ok,c84a6e6a25c7952a264f8f31bf0faca39283b4d1d052e5b87af7056e1fab76e1
E,/content/asl-static-recognition/data/raw/asl_dataset/E/P10_E_921.jpg,ok,934c45056775dcbe47159d249f4cd9a4690126ff619d6b6f0ed2bc73f4c2bfbe
E,/content/asl-static-recognition/data/raw/asl_dataset/E/P10_E_922.jpg,ok,934c45056775dcbe47159d249f4cd9a4690126ff619d6b6f0ed2bc73f4c2bfbe
E,/content/asl-static-recognition/data/raw/asl_dataset/E/P10_E_935.jpg,ok,932e492167dfb341d47759f7b6f0d83df6121319112765d734d2dfa3db80dc07
E,/content/asl-static-recognition/data/raw/asl_dataset/E/P10_E_946.jpg,ok,932e492167dfb341d47759f7b6f0d83df6121319112765d734d2dfa3db80dc07
E,/content/asl-static-recognition/data/raw/asl_dataset/E/P2_E_111.jpg,ok,3fa7f07200de3f735d34fd9d6c3460b1c01c21117910da9118d4452e08b2ed58
E,/content/asl-static-recognition/data/raw/asl_dataset/E/P2_E_112.jpg,ok,3fa7f07200de3f735d34fd9d6c3460b1c01c21117910da9118d4452e08b2ed58
E,/content/asl-static-recognition/data/raw/asl_dataset/E/P2_E_162.jpg,ok,690429bc11e66ff64a5f34ed5649999a11a7f242c238fb64a70ceac8475e5469
E,/content/asl-static-recognition/data/raw/asl_dataset/E/P2_E_163.jpg,ok,690429bc11e66ff64a5f34ed5649999a11a7f242c238fb64a70ceac8475e5469
E,/content/asl-static-recognition/data/raw/asl_dataset/E/P4_E_365.jpg,ok,51fa6d7ceb63e6373473c996b89627dc4790a3fc4ce7c4c014b266874ec96d09
E,/content/asl-static-recognition/data/raw/asl_dataset/E/P4_E_366.jpg,ok,51fa6d7ceb63e6373473c996b89627dc4790a3fc4ce7c4c014b266874ec96d09
E,/content/asl-static-recognition/data/raw/asl_dataset/E/P4_E_367.jpg,ok,51fa6d7ceb63e6373473c996b89627dc4790a3fc4ce7c4c014b266874ec96d09
E,/content/asl-static-recognition/data/raw/asl_dataset/E/P4_E_369.jpg,ok,51fa6d7ceb63e6373473c996b89627dc4790a3fc4ce7c4c014b266874ec96d09
E,/content/asl-static-recognition/data/raw/asl_dataset/E/P4_E_372.jpg,ok,4ab43f3cb9f432dabe0c1bbd03af6224d561089aa006507e831acea2597920ff
E,/content/asl-static-recognition/data/raw/asl_dataset/E/P4_E_373.jpg,ok,4ab43f3cb9f432dabe0c1bbd03af6224d561089aa006507e831acea2597920ff
E,/content/asl-static-recognition/data/raw/asl_dataset/E/P4_E_374.jpg,ok,4ab43f3cb9f432dabe0c1bbd03af6224d561089aa006507e831acea2597920ff
E,/content/asl-static-recognition/data/raw/asl_dataset/E/P4_E_375.jpg,ok,4ab43f3cb9f432dabe0c1bbd03af6224d561089aa006507e831acea2597920ff
E,/content/asl-static-recognition/data/raw/asl_dataset/E/P4_E_392.jpg,ok,efbff6bdaa42c97ddf89722e129ef771dd8b0b77ca45a1ba9135db6af0318be4
E,/content/asl-static-recognition/data/raw/asl_dataset/E/P4_E_393.jpg,ok,efbff6bdaa42c97ddf89722e129ef771dd8b0b77ca45a1ba9135db6af0318be4
E,/content/asl-static-recognition/data/raw/asl_dataset/E/P7_E_637.jpg,ok,231e4e212522c52b6db919a94f2090295470e4ee58abca2aa90668a8805c0859
E,/content/asl-static-recognition/data/raw/asl_dataset/E/P7_E_638.jpg,ok,231e4e212522c52b6db919a94f2090295470e4ee58abca2aa90668a8805c0859
G,/content/asl-static-recognition/data/raw/asl_dataset/G/P10_G_924.jpg,ok,003868ccbc5cbdb844c0be1bcdc670e58fca5542eb9171a3d63673838e31390f
G,/content/asl-static-recognition/data/raw/asl_dataset/G/P10_G_935.jpg,ok,003868ccbc5cbdb844c0be1bcdc670e58fca5542eb9171a3d63673838e31390f
G,/content/asl-static-recognition/data/raw/asl_dataset/G/P10_G_946.jpg,ok,003868ccbc5cbdb844c0be1bcdc670e58fca5542eb9171a3d63673838e31390f
G,/content/asl-static-recognition/data/raw/asl_dataset/G/P10_G_983.jpg,ok,c7bcd160f143981f8d148aba04376fdcfecdda051646507207f4147d9177deb0
G,/content/asl-static-recognition/data/raw/asl_dataset/G/P10_G_984.jpg,ok,c7bcd160f143981f8d148aba04376fdcfecdda051646507207f4147d9177deb0
G,/content/asl-static-recognition/data/raw/asl_dataset/G/P2_G_185.jpg,ok,96bd7fe7bcc148c96f8af7676ebf1812791feffe933deabd03bb7a6e60033937
G,/content/asl-static-recognition/data/raw/asl_dataset/G/P2_G_186.jpg,ok,96bd7fe7bcc148c96f8af7676ebf1812791feffe933deabd03bb7a6e60033937
G,/content/asl-static-recognition/data/raw/asl_dataset/G/P4_G_307.jpg,ok,9fd66ba0407105b31ecadeb110570b1044e087401311bab480f06f746ba5a792
G,/content/asl-static-recognition/data/raw/asl_dataset/G/P4_G_308.jpg,ok,9fd66ba0407105b31ecadeb110570b1044e087401311bab480f06f746ba5a792
G,/content/asl-static-recognition/data/raw/asl_dataset/G/P4_G_348.jpg,ok,6471eb2bea5d4e118d4e7a82988e0491258ce45bf623459e528eea29cb1b8867
G,/content/asl-static-recognition/data/raw/asl_dataset/G/P4_G_349.jpg,ok,6471eb2bea5d4e118d4e7a82988e0491258ce45bf623459e528eea29cb1b8867
G,/content/asl-static-recognition/data/raw/asl_dataset/G/P4_G_362.jpg,ok,8ca779e983836026010658d0dfabd7b39a7310bd48de680f3a074c334be43aa7
G,/content/asl-static-recognition/data/raw/asl_dataset/G/P4_G_363.jpg,ok,8ca779e983836026010658d0dfabd7b39a7310bd48de680f3a074c334be43aa7
G,/content/asl-static-recognition/data/raw/asl_dataset/G/P4_G_388.jpg,ok,a9e7a6cae427885b3d4ad7b193f352ca0211d694541c0d32f223a5c37846f1eb
G,/content/asl-static-recognition/data/raw/asl_dataset/G/P4_G_389.jpg,ok,a9e7a6cae427885b3d4ad7b193f352ca0211d694541c0d32f223a5c37846f1eb
G,/content/asl-static-recognition/data/raw/asl_dataset/G/P4_G_391.jpg,ok,a9e7a6cae427885b3d4ad7b193f352ca0211d694541c0d32f223a5c37846f1eb
G,/content/asl-static-recognition/data/raw/asl_dataset/G/P4_G_392.jpg,ok,a9e7a6cae427885b3d4ad7b193f352ca0211d694541c0d32f223a5c37846f1eb
G,/content/asl-static-recognition/data/raw/asl_dataset/G/P4_G_395.jpg,ok,4f258f5c92ec6e6c8ac6ea6c1758959e467b0fc259842d52f79bf5501fb15972
G,/content/asl-static-recognition/data/raw/asl_dataset/G/P4_G_396.jpg,ok,4f258f5c92ec6e6c8ac6ea6c1758959e467b0fc259842d52f79bf5501fb15972
G,/content/asl-static-recognition/data/raw/asl_dataset/G/P4_G_397.jpg,ok,4f258f5c92ec6e6c8ac6ea6c1758959e467b0fc259842d52f79bf5501fb15972
G,/content/asl-static-recognition/data/raw/asl_dataset/G/P4_G_398.jpg,ok,4f258f5c92ec6e6c8ac6ea6c1758959e467b0fc259842d52f79bf5501fb15972
G,/content/asl-static-recognition/data/raw/asl_dataset/G/P4_G_399.jpg,ok,4f258f5c92ec6e6c8ac6ea6c1758959e467b0fc259842d52f79bf5501fb15972
G,/content/asl-static-recognition/data/raw/asl_dataset/G/P7_G_630.jpg,ok,82da5bd2773eba7ce7756d219d8eac8482c285c362a48d397960de17c7df0596
G,/content/asl-static-recognition/data/raw/asl_dataset/G/P7_G_631.jpg,ok,82da5bd2773eba7ce7756d219d8eac8482c285c362a48d397960de17c7df0596
H,/content/asl-static-recognition/data/raw/asl_dataset/H/P10_H_944.jpg,ok,a31e5b32e57cc78674b0064f8af7c5f1e2aec4a25b2b4fbabb84d1d694d2781a
H,/content/asl-static-recognition/data/raw/asl_dataset/H/P10_H_945.jpg,ok,a31e5b32e57cc78674b0064f8af7c5f1e2aec4a25b2b4fbabb84d1d694d2781a
H,/content/asl-static-recognition/data/raw/asl_dataset/H/P10_H_972.jpg,ok,ff5d198b0e752199008bdec922c253f6276be858e35e5ab102825d1b0be64e66
H,/content/asl-static-recognition/data/raw/asl_dataset/H/P10_H_973.jpg,ok,ff5d198b0e752199008bdec922c253f6276be858e35e5ab102825d1b0be64e66
H,/content/asl-static-recognition/data/raw/asl_dataset/H/P10_H_998.jpg,ok,6ad3c66b4485ac0ab2b7a5b4bc0d6c032ea065959921eb7f58397aa6fbdf2987
H,/content/asl-static-recognition/data/raw/asl_dataset/H/P10_H_999.jpg,ok,6ad3c66b4485ac0ab2b7a5b4bc0d6c032ea065959921eb7f58397aa6fbdf2987
H,/content/asl-static-recognition/data/raw/asl_dataset/H/P2_H_164.jpg,ok,ca744a6b8cf33610977ad3368d83f32190b5f93541d56b2ae38af0a9b8f96f19
H,/content/asl-static-recognition/data/raw/asl_dataset/H/P2_H_165.jpg,ok,ca744a6b8cf33610977ad3368d83f32190b5f93541d56b2ae38af0a9b8f96f19
H,/content/asl-static-recognition/data/raw/asl_dataset/H/P2_H_166.jpg,ok,ca744a6b8cf33610977ad3368d83f32190b5f93541d56b2ae38af0a9b8f96f19
I,/content/asl-static-recognition/data/raw/asl_dataset/I/P10_I_936.jpg,ok,2e27567463c3e47d68734cef6d54420970c12ad6f5cef6b08573131afcc36aa8
I,/content/asl-static-recognition/data/raw/asl_dataset/I/P10_I_937.jpg,ok,2e27567463c3e47d68734cef6d54420970c12ad6f5cef6b08573131afcc36aa8
I,/content/asl-static-recognition/data/raw/asl_dataset/I/P10_I_975.jpg,ok,de4266ff7a92a083ca73fd1e42f11be53a5186493dcec6ffc5bed53ba6fe7723
I,/content/asl-static-recognition/data/raw/asl_dataset/I/P10_I_976.jpg,ok,de4266ff7a92a083ca73fd1e42f11be53a5186493dcec6ffc5bed53ba6fe7723
I,/content/asl-static-recognition/data/raw/asl_dataset/I/P2_I_157.jpg,ok,e86b7ea9d80af6a7f17ab0e71ec107163e5fee7ada3792d1372999752dcb37cb
I,/content/asl-static-recognition/data/raw/asl_dataset/I/P2_I_161.jpg,ok,c20f91200b5046d1f9cf4b3e10c0f30cf03e3def870decd37f1c372bf15bd2f5
I,/content/asl-static-recognition/data/raw/asl_dataset/I/P2_I_162.jpg,ok,c20f91200b5046d1f9cf4b3e10c0f30cf03e3def870decd37f1c372bf15bd2f5
I,/content/asl-static-recognition/data/raw/asl_dataset/I/P2_I_167.jpg,ok,df6726337f92af085505011dfeea1ee2b970e58768a5f3a27a7dadf5d7286605
I,/content/asl-static-recognition/data/raw/asl_dataset/I/P2_I_168.jpg,ok,e86b7ea9d80af6a7f17ab0e71ec107163e5fee7ada3792d1372999752dcb37cb
I,/content/asl-static-recognition/data/raw/asl_dataset/I/P2_I_169.jpg,ok,df6726337f92af085505011dfeea1ee2b970e58768a5f3a27a7dadf5d7286605
I,/content/asl-static-recognition/data/raw/asl_dataset/I/P2_I_181.jpg,ok,d884c788a8ae5930303414ba19f27a8bc9e551adca48ce850040c8751462e6de
I,/content/asl-static-recognition/data/raw/asl_dataset/I/P2_I_182.jpg,ok,d884c788a8ae5930303414ba19f27a8bc9e551adca48ce850040c8751462e6de
I,/content/asl-static-recognition/data/raw/asl_dataset/I/P5_I_401.jpg,ok,ab0fa0b2aa0c26935d9ccfebb730902eb0d0d4e6dc7985a0e97590b9c76b4890
I,/content/asl-static-recognition/data/raw/asl_dataset/I/P5_I_402.jpg,ok,78088a4a9e39162c27f853f9c3ab79b5a3de72c5b5c978ba8b0ea2686dfba624
I,/content/asl-static-recognition/data/raw/asl_dataset/I/P5_I_403.jpg,ok,2dc5dbc71635617a9b7dd087d9dfdc8b04e42b0a588040e421ab3d658a14468e
I,/content/asl-static-recognition/data/raw/asl_dataset/I/P5_I_404.jpg,ok,e33c512f62ca5e3fcc7e492966d1cc3093dd3214a3bc050e3016b5e808bbf257
I,/content/asl-static-recognition/data/raw/asl_dataset/I/P5_I_405.jpg,ok,baeb59eb8daa8a2053a3b30303d6a50fdbe91e6ba443af723526d55a76787fb1
I,/content/asl-static-recognition/data/raw/asl_dataset/I/P5_I_406.jpg,ok,d40ec4d3970ff6e9c929ada874716f35b4339da944961fe3bf8f49f5114fc02d
I,/content/asl-static-recognition/data/raw/asl_dataset/I/P5_I_407.jpg,ok,82598798ec1dc859f47033667ff9915b11e8e029e9ce93144cc5f7ad7f0f8d46
I,/content/asl-static-recognition/data/raw/asl_dataset/I/P5_I_408.jpg,ok,2b2a6556036426c67b80d3eaa271967a630474b2616a7ec7944d7dd10a09305b
I,/content/asl-static-recognition/data/raw/asl_dataset/I/P5_I_409.jpg,ok,001690fdc32158257d3047b1f3b5805e818b01136620e0540c582dcf44ddadc3
I,/content/asl-static-recognition/data/raw/asl_dataset/I/P5_I_410.jpg,ok,ee437e4c81703267e26f770e44712298ec49a4f7817cdb9c9eceda93facc02b6
I,/content/asl-static-recognition/data/raw/asl_dataset/I/P5_I_411.jpg,ok,d2fe29924203b9ef83268e6e24e7c2860fe91ddd04af76cee853db114487c44e
I,/content/asl-static-recognition/data/raw/asl_dataset/I/P5_I_412.jpg,ok,5097f815983852921023f13e528d1853b1dfdc8ae49a0949862348cdf22a5b45
I,/content/asl-static-recognition/data/raw/asl_dataset/I/P5_I_413.jpg,ok,7f8d80296726ff29f7519fad493f688fabd5b7bc73cc0be08829b882a1210be3
I,/content/asl-static-recognition/data/raw/asl_dataset/I/P5_I_414.jpg,ok,8b11abb849a8a38590712b4b218ec5a9a8676f34774881b75ebb44deb7c19161
I,/content/asl-static-recognition/data/raw/asl_dataset/I/P5_I_415.jpg,ok,1ae5506065416e87011799daf9b834637bf2c77e29f951a3196eb9de802eef4a
I,/content/asl-static-recognition/data/raw/asl_dataset/I/P5_I_416.jpg,ok,b1adf8cb103d0d043d0a8234842db4cfc3a3dcc1159280056f4af6b133eee9c5
I,/content/asl-static-recognition/data/raw/asl_dataset/I/P5_I_417.jpg,ok,bc91fb1c409c754bff36a8705598f90b73645f78349af4c5e148b164fbb38475
I,/content/asl-static-recognition/data/raw/asl_dataset/I/P5_I_418.jpg,ok,1860a8472bc85f586a4d867edbb4a87d0522e935dd851378361b0e9eee59df39
I,/content/asl-static-recognition/data/raw/asl_dataset/I/P5_I_419.jpg,ok,bc0c356f16fba6253ff9f50c88a2bbff6934e2a26e03e20fdca9a1d2dc7ed15d
I,/content/asl-static-recognition/data/raw/asl_dataset/I/P5_I_420.jpg,ok,8fe6690dbe9268d97c7bc404bbd15a45a9a9e9f79f578935dc536bc2872bdffa
I,/content/asl-static-recognition/data/raw/asl_dataset/I/P5_I_421.jpg,ok,ff543dd49df1f6269673909fa6d9a49ec714d75d779eb5a390b2b157171c7ea8
I,/content/asl-static-recognition/data/raw/asl_dataset/I/P5_I_422.jpg,ok,ea8ce7ffe6ab43232543550b3498b8a8a3420fc317b5b9512c389e325457b434
I,/content/asl-static-recognition/data/raw/asl_dataset/I/P5_I_423.jpg,ok,179d528780cdf0e00730ccea37361d5dcb9b56d3ad7ede109d1de7183611baf1
I,/content/asl-static-recognition/data/raw/asl_dataset/I/P5_I_424.jpg,ok,efdabd213620542f635b6de6f41c97f74a2593696fadec6cff9650e73cdc02de
I,/content/asl-static-recognition/data/raw/asl_dataset/I/P5_I_425.jpg,ok,f7d369eec8619208364b816844bc1f98c1ac657505b5795bc44a12b5d5ece37b
I,/content/asl-static-recognition/data/raw/asl_dataset/I/P5_I_426.jpg,ok,ec816e357d76f3020cd4493da9dc6e210ae04c40a2a1238646a9f7a63094a578
I,/content/asl-static-recognition/data/raw/asl_dataset/I/P5_I_427.jpg,ok,17e663c7a99f65e2dd0b2aaf6c5a520e88ce88d4f7f04039f8112187024a299b
I,/content/asl-static-recognition/data/raw/asl_dataset/I/P5_I_428.jpg,ok,73239f43746b005a510b09a85e707ce1ae8dd558025eb296eab8bb9e9bcd0094
I,/content/asl-static-recognition/data/raw/asl_dataset/I/P5_I_429.jpg,ok,73239f43746b005a510b09a85e707ce1ae8dd558025eb296eab8bb9e9bcd0094
I,/content/asl-static-recognition/data/raw/asl_dataset/I/P5_I_430.jpg,ok,0c70983139dfd1beb013d8b7485fe1fe20160bb22ec64158c10e6c693116ac2f
I,/content/asl-static-recognition/data/raw/asl_dataset/I/P5_I_431.jpg,ok,554441ebfb47467fdaa01a3548563fcaedd169edb49c89caf8b73b0fac39bf66
I,/content/asl-static-recognition/data/raw/asl_dataset/I/P5_I_432.jpg,ok,8ebd585a20d3fa662025edbd560ddcf02b28fab6081e0b8a6dee49f4d1eb284c
I,/content/asl-static-recognition/data/raw/asl_dataset/I/P5_I_433.jpg,ok,1abfad33588489fc7049f256059026ca1ad4e71320bc5caaf7cd382ba9d23107
I,/content/asl-static-recognition/data/raw/asl_dataset/I/P5_I_434.jpg,ok,3df6a79660035a38e561b7a99487e2cc937b28c8ea87c4e9f034b2f35ddb3f23
I,/content/asl-static-recognition/data/raw/asl_dataset/I/P5_I_435.jpg,ok,f564afbeac3c81ad53fb69d55680265b7d0f158ed25ac1575322c61372f49229
I,/content/asl-static-recognition/data/raw/asl_dataset/I/P5_I_436.jpg,ok,ee67bbe7bcf8b4616c6c446283c00bfb8c333b8de908e12ccf3d66e2e435a2f7
I,/content/asl-static-recognition/data/raw/asl_dataset/I/P5_I_437.jpg,ok,4be5b87a49dfc4260c1f4b0eec3bbb5e4e8f7f57ba7965c6c3048a33b12397ea
I,/content/asl-static-recognition/data/raw/asl_dataset/I/P5_I_438.jpg,ok,4dd03f9e274ddd96b95822e8ef48324275c5e7480cf64c9cd632de5d717ecd60
I,/content/asl-static-recognition/data/raw/asl_dataset/I/P5_I_439.jpg,ok,860f7de93983e7922442c62bc61e8e3ae94b2a5683098632245812d410851727
I,/content/asl-static-recognition/data/raw/asl_dataset/I/P5_I_440.jpg,ok,7485a4084a714dd60977b7297f1aa759942cb764b36d7e8c2d2e166d775c47af
I,/content/asl-static-recognition/data/raw/asl_dataset/I/P5_I_441.jpg,ok,2898d1dd489d3a7c2a9efa49010e0d32d4e8459d5789fe7d5d5cab010439d399
I,/content/asl-static-recognition/data/raw/asl_dataset/I/P5_I_442.jpg,ok,c273e6a35e0a8f53965d87137ad12edbd39cabacbb54c801140adc814ebe29dc
I,/content/asl-static-recognition/data/raw/asl_dataset/I/P5_I_443.jpg,ok,08e158c9c1082b14db4999d4d497ec4103a3a13498a525c69c16ea455254bd81
I,/content/asl-static-recognition/data/raw/asl_dataset/I/P5_I_444.jpg,ok,ba375e90fcbdaa7a2c4674ab3d8435915ff18b316e2b0935e829810289f4c205
I,/content/asl-static-recognition/data/raw/asl_dataset/I/P5_I_445.jpg,ok,90fa5c3a469d6075490308c732d102f5b94da826be19ff628abe74d2f0b9a6a2
I,/content/asl-static-recognition/data/raw/asl_dataset/I/P5_I_446.jpg,ok,d2a1b2fcfe448234d33de90fd6e977c2f37e48e472949c26d08afb9d9f3db40d
I,/content/asl-static-recognition/data/raw/asl_dataset/I/P5_I_447.jpg,ok,9d713ff0245d92fbb1ccc447fe6616ba9f5bfa54a2d62c49ed3d3deed90196e5
I,/content/asl-static-recognition/data/raw/asl_dataset/I/P5_I_448.jpg,ok,477c7c08be6d7d418c20ea8cfab3756b63d5e2729d6d85e7da87b6339889a44a
I,/content/asl-static-recognition/data/raw/asl_dataset/I/P5_I_449.jpg,ok,17626754fb028be5a494ed68c05863e1d41d0de9dc13c20e13ec418a7fcb70f6
I,/content/asl-static-recognition/data/raw/asl_dataset/I/P5_I_450.jpg,ok,d37427faddc342302e20de4ceef220c2926ae5d2aa7edeb3798b2e12f6867dba
I,/content/asl-static-recognition/data/raw/asl_dataset/I/P5_I_451.jpg,ok,08cc0cf2cf86ae87318db11c35345936981921c90f0c871cfe4cc3cad83d1c2e
I,/content/asl-static-recognition/data/raw/asl_dataset/I/P5_I_452.jpg,ok,9df083793e20453c0a48e4bb578d987a3e2ea6cfd6ff0d79256921d66eb54512
I,/content/asl-static-recognition/data/raw/asl_dataset/I/P5_I_453.jpg,ok,e3dc9d338f7b876cc44d7da784a459746c8bb9fdcb82c731e5c2b850128e4f49
I,/content/asl-static-recognition/data/raw/asl_dataset/I/P5_I_454.jpg,ok,b6bfa88470c23bc5a170a598c062d1446e50aa30d18a6aba4a7d723de4a7ddd3
I,/content/asl-static-recognition/data/raw/asl_dataset/I/P5_I_455.jpg,ok,88ec262c7bc482d7d45e86403810baa2aa8b1cc007bb65cfd9374ec958c1a66a
I,/content/asl-static-recognition/data/raw/asl_dataset/I/P5_I_456.jpg,ok,57f76554b1295d82d887c183b33ea689359dcfc852b52619fe908ce5af2329dd
I,/content/asl-static-recognition/data/raw/asl_dataset/I/P5_I_457.jpg,ok,a1fda440ab660e66c6ae750ca0167a45dbc034b7620ff3fedb6780ab3bcfbbb1
I,/content/asl-static-recognition/data/raw/asl_dataset/I/P5_I_458.jpg,ok,dfc98503d582516f947b1dd4d9f6e6df30289c820574d1a9ae24a56fe90b457b
I,/content/asl-static-recognition/data/raw/asl_dataset/I/P5_I_459.jpg,ok,c681a23b5d9485a7bb68a3765aa26017b01fe41cf782dac46d8dca50e7a587f2
I,/content/asl-static-recognition/data/raw/asl_dataset/I/P5_I_460.jpg,ok,79ce988fae8c86df2a31f8ea045eee682735d73038887fa69abe7f08746e1a3d
I,/content/asl-static-recognition/data/raw/asl_dataset/I/P5_I_461.jpg,ok,162c9ad25be9864bab1eb1274ca765b1077f5c79928f94f73c02b08ec68ea1a4
I,/content/asl-static-recognition/data/raw/asl_dataset/I/P5_I_462.jpg,ok,ffeb9252689c5216c458cfc7945c76476e52f3686efa83f88c49ac613f8fb405
I,/content/asl-static-recognition/data/raw/asl_dataset/I/P5_I_463.jpg,ok,445df99173e94b02bfcce6b0def22ccab751d939a67cea974df9098b3d07ba77
I,/content/asl-static-recognition/data/raw/asl_dataset/I/P5_I_464.jpg,ok,517745aee800451c96c06c0de4bb54eb650f15b15964a094c30c8b47d5985894
I,/content/asl-static-recognition/data/raw/asl_dataset/I/P5_I_465.jpg,ok,96fbb8b962236d6e99347fe64c7af28eab2ddd8ff27b8e7e6fa4f28c24a41b7b
I,/content/asl-static-recognition/data/raw/asl_dataset/I/P5_I_466.jpg,ok,7fca83f8c5467c6341bbad12c2417ffd1f1cd6e6cfb95091477833341e3e72da
I,/content/asl-static-recognition/data/raw/asl_dataset/I/P5_I_467.jpg,ok,eb9d297100de77ec81391bd3600ba6427df8159272101ca61e75dc1190fbb7fa
I,/content/asl-static-recognition/data/raw/asl_dataset/I/P5_I_468.jpg,ok,064cdc4684fec0d8b9643ff6a2cceeadbbd1cb0d4de2bcfe82915169f5688ea4
I,/content/asl-static-recognition/data/raw/asl_dataset/I/P5_I_469.jpg,ok,cda741185ee73adabd76657f45f81495dd1b4cd22c08533de1b12c03191c9e26
I,/content/asl-static-recognition/data/raw/asl_dataset/I/P5_I_470.jpg,ok,a0f8a508e711bd790d19ffc0b7d239ae4e8a8453986a48fe27d92302f549fb11
I,/content/asl-static-recognition/data/raw/asl_dataset/I/P5_I_471.jpg,ok,bdceff6ccfb7162ab1907dbe301b3115a65e4e16a1e60fd9c7e68068082e2236
I,/content/asl-static-recognition/data/raw/asl_dataset/I/P5_I_472.jpg,ok,c15691fb3cfeabeb9af8603136cd49af3c3d236039277657c062ffdf01eb9843
I,/content/asl-static-recognition/data/raw/asl_dataset/I/P5_I_473.jpg,ok,c41c38fda1c8d2965e70bc9c112716fe117d6b9b227860bee54b160872562aee
I,/content/asl-static-recognition/data/raw/asl_dataset/I/P5_I_474.jpg,ok,291a650fcb28a02e17d91da4a412ebfb816e40f2816fa754a38181e4963a9432
I,/content/asl-static-recognition/data/raw/asl_dataset/I/P5_I_475.jpg,ok,8182a401a3283c82491d05f602f5f75adf4583c33aed7206c730dc5e020eea43
I,/content/asl-static-recognition/data/raw/asl_dataset/I/P5_I_476.jpg,ok,f7abccc120c70c02b7a28fc4ac688311df2e4ae7073dd353da19222ebc64def3
I,/content/asl-static-recognition/data/raw/asl_dataset/I/P5_I_477.jpg,ok,80fcba2559826f4fdb1810bf589c48e520b2417d62f331093f38a6c442783b99
I,/content/asl-static-recognition/data/raw/asl_dataset/I/P5_I_478.jpg,ok,683166a491bd77f1ffb029bdb26234cad4da697ed51d62b900ccbaced5828232
I,/content/asl-static-recognition/data/raw/asl_dataset/I/P5_I_479.jpg,ok,44acbb22a8e1a6b62869f3ca7275feb217e99f7ee67d1d57ae3a14bb1edcfd1d
I,/content/asl-static-recognition/data/raw/asl_dataset/I/P5_I_480.jpg,ok,0f2ca0c9ba3dc51d9658cbd47f64e5a0d02e5448c5b0e67ad0ec3588930b0a3b
I,/content/asl-static-recognition/data/raw/asl_dataset/I/P5_I_481.jpg,ok,fed66564d32d7f676c75d5500d0b8c8f6cbf16915fd2ac086a487005c6876e22
I,/content/asl-static-recognition/data/raw/asl_dataset/I/P5_I_482.jpg,ok,a21e4a20191b2f25aafb1264132642d96ea2a80069942893edb82282041a2290
I,/content/asl-static-recognition/data/raw/asl_dataset/I/P5_I_483.jpg,ok,dfad67585f7727a2fec282554179c7be753972f223a15b56bab2d2e5d4182edc
I,/content/asl-static-recognition/data/raw/asl_dataset/I/P5_I_484.jpg,ok,617754a12db919ec2a3d4474d12b2f331507bf4bf8d750303864fc8b30eff029
I,/content/asl-static-recognition/data/raw/asl_dataset/I/P5_I_485.jpg,ok,e83b6eca4c447605f4e7b171d79a5f7824f7adb2b76a0c33eec446c3036021c9
I,/content/asl-static-recognition/data/raw/asl_dataset/I/P5_I_486.jpg,ok,81b19ed7a0c33dab5776757784f33de1d96d8b3fbf066f38a39ae0eda5aac258
I,/content/asl-static-recognition/data/raw/asl_dataset/I/P5_I_487.jpg,ok,2336c5a00431327f33ab6f4c8d0d9818de98ff9a668e3ad61b4c2b423c60cdcd
I,/content/asl-static-recognition/data/raw/asl_dataset/I/P5_I_488.jpg,ok,e74412ac9272104e5d28248fe204e48f87574744e9bdb3d5c781d1b2039bf2ad
I,/content/asl-static-recognition/data/raw/asl_dataset/I/P5_I_489.jpg,ok,9392391c32516164c96a338e71ebf2519a26bd72736101d73e0d2b47757dd67b
I,/content/asl-static-recognition/data/raw/asl_dataset/I/P5_I_490.jpg,ok,08b91943cfdba82ecb519b0e8ff38cf5e56402944504223c4624299b71b4ca41
I,/content/asl-static-recognition/data/raw/asl_dataset/I/P5_I_491.jpg,ok,c6916acb49767f74abd844ce0dfa35401981afc1ff5815b41ce57d5652d80af8
I,/content/asl-static-recognition/data/raw/asl_dataset/I/P5_I_492.jpg,ok,0532145e78ab618b51db19b2e40b8b2228a7941af56aa4b75b64a1fe7835e098
I,/content/asl-static-recognition/data/raw/asl_dataset/I/P5_I_493.jpg,ok,d78409825723e0c8a622bd23708dd72197e721a024974dd5f6c1e9db9109b60a
I,/content/asl-static-recognition/data/raw/asl_dataset/I/P5_I_494.jpg,ok,f4fd3e4c5605aa9c4de41b58588c0c589c6a675079aae94c39c770b1ad0581ca
I,/content/asl-static-recognition/data/raw/asl_dataset/I/P5_I_495.jpg,ok,39792075759ab10c0fa4c2304785117e24638e86215bba3281cab52a4f48969b
I,/content/asl-static-recognition/data/raw/asl_dataset/I/P5_I_496.jpg,ok,324f541749424c74b3eb7262cea1e9f04cdafee782eb6665fd777e949d34544d
I,/content/asl-static-recognition/data/raw/asl_dataset/I/P5_I_497.jpg,ok,0caef05f25c489861bb25f4114b2140bd6851c4b57ad5531d37e10f03d290ee4
I,/content/asl-static-recognition/data/raw/asl_dataset/I/P5_I_498.jpg,ok,d0b3b49e1985c6bea486003331db6f679b5a5a64fd942607e3909b87e4f2893c
I,/content/asl-static-recognition/data/raw/asl_dataset/I/P5_I_499.jpg,ok,bec690e40f40ad371df72e985d59e49af271590ba54a9e2e4b807013122a14bf
I,/content/asl-static-recognition/data/raw/asl_dataset/I/P5_I_500.jpg,ok,81dd7847366ab4b872ca83d7cf5a61a551b8df1eb1068f40b350c033edef02dd
I,/content/asl-static-recognition/data/raw/asl_dataset/I/P6_I_501.jpg,ok,ab0fa0b2aa0c26935d9ccfebb730902eb0d0d4e6dc7985a0e97590b9c76b4890
I,/content/asl-static-recognition/data/raw/asl_dataset/I/P6_I_502.jpg,ok,78088a4a9e39162c27f853f9c3ab79b5a3de72c5b5c978ba8b0ea2686dfba624
I,/content/asl-static-recognition/data/raw/asl_dataset/I/P6_I_503.jpg,ok,2dc5dbc71635617a9b7dd087d9dfdc8b04e42b0a588040e421ab3d658a14468e
I,/content/asl-static-recognition/data/raw/asl_dataset/I/P6_I_504.jpg,ok,e33c512f62ca5e3fcc7e492966d1cc3093dd3214a3bc050e3016b5e808bbf257
I,/content/asl-static-recognition/data/raw/asl_dataset/I/P6_I_505.jpg,ok,baeb59eb8daa8a2053a3b30303d6a50fdbe91e6ba443af723526d55a76787fb1
I,/content/asl-static-recognition/data/raw/asl_dataset/I/P6_I_506.jpg,ok,d40ec4d3970ff6e9c929ada874716f35b4339da944961fe3bf8f49f5114fc02d
I,/content/asl-static-recognition/data/raw/asl_dataset/I/P6_I_507.jpg,ok,82598798ec1dc859f47033667ff9915b11e8e029e9ce93144cc5f7ad7f0f8d46
I,/content/asl-static-recognition/data/raw/asl_dataset/I/P6_I_508.jpg,ok,2b2a6556036426c67b80d3eaa271967a630474b2616a7ec7944d7dd10a09305b
I,/content/asl-static-recognition/data/raw/asl_dataset/I/P6_I_509.jpg,ok,001690fdc32158257d3047b1f3b5805e818b01136620e0540c582dcf44ddadc3
I,/content/asl-static-recognition/data/raw/asl_dataset/I/P6_I_510.jpg,ok,ee437e4c81703267e26f770e44712298ec49a4f7817cdb9c9eceda93facc02b6
I,/content/asl-static-recognition/data/raw/asl_dataset/I/P6_I_511.jpg,ok,d2fe29924203b9ef83268e6e24e7c2860fe91ddd04af76cee853db114487c44e
I,/content/asl-static-recognition/data/raw/asl_dataset/I/P6_I_512.jpg,ok,5097f815983852921023f13e528d1853b1dfdc8ae49a0949862348cdf22a5b45
I,/content/asl-static-recognition/data/raw/asl_dataset/I/P6_I_513.jpg,ok,7f8d80296726ff29f7519fad493f688fabd5b7bc73cc0be08829b882a1210be3
I,/content/asl-static-recognition/data/raw/asl_dataset/I/P6_I_514.jpg,ok,8b11abb849a8a38590712b4b218ec5a9a8676f34774881b75ebb44deb7c19161
I,/content/asl-static-recognition/data/raw/asl_dataset/I/P6_I_515.jpg,ok,1ae5506065416e87011799daf9b834637bf2c77e29f951a3196eb9de802eef4a
I,/content/asl-static-recognition/data/raw/asl_dataset/I/P6_I_516.jpg,ok,b1adf8cb103d0d043d0a8234842db4cfc3a3dcc1159280056f4af6b133eee9c5
I,/content/asl-static-recognition/data/raw/asl_dataset/I/P6_I_517.jpg,ok,bc91fb1c409c754bff36a8705598f90b73645f78349af4c5e148b164fbb38475
I,/content/asl-static-recognition/data/raw/asl_dataset/I/P6_I_518.jpg,ok,1860a8472bc85f586a4d867edbb4a87d0522e935dd851378361b0e9eee59df39
I,/content/asl-static-recognition/data/raw/asl_dataset/I/P6_I_519.jpg,ok,bc0c356f16fba6253ff9f50c88a2bbff6934e2a26e03e20fdca9a1d2dc7ed15d
I,/content/asl-static-recognition/data/raw/asl_dataset/I/P6_I_520.jpg,ok,8fe6690dbe9268d97c7bc404bbd15a45a9a9e9f79f578935dc536bc2872bdffa
I,/content/asl-static-recognition/data/raw/asl_dataset/I/P6_I_521.jpg,ok,ff543dd49df1f6269673909fa6d9a49ec714d75d779eb5a390b2b157171c7ea8
I,/content/asl-static-recognition/data/raw/asl_dataset/I/P6_I_522.jpg,ok,ea8ce7ffe6ab43232543550b3498b8a8a3420fc317b5b9512c389e325457b434
I,/content/asl-static-recognition/data/raw/asl_dataset/I/P6_I_523.jpg,ok,179d528780cdf0e00730ccea37361d5dcb9b56d3ad7ede109d1de7183611baf1
I,/content/asl-static-recognition/data/raw/asl_dataset/I/P6_I_524.jpg,ok,efdabd213620542f635b6de6f41c97f74a2593696fadec6cff9650e73cdc02de
I,/content/asl-static-recognition/data/raw/asl_dataset/I/P6_I_525.jpg,ok,f7d369eec8619208364b816844bc1f98c1ac657505b5795bc44a12b5d5ece37b
I,/content/asl-static-recognition/data/raw/asl_dataset/I/P6_I_526.jpg,ok,ec816e357d76f3020cd4493da9dc6e210ae04c40a2a1238646a9f7a63094a578
I,/content/asl-static-recognition/data/raw/asl_dataset/I/P6_I_527.jpg,ok,17e663c7a99f65e2dd0b2aaf6c5a520e88ce88d4f7f04039f8112187024a299b
I,/content/asl-static-recognition/data/raw/asl_dataset/I/P6_I_528.jpg,ok,73239f43746b005a510b09a85e707ce1ae8dd558025eb296eab8bb9e9bcd0094
I,/content/asl-static-recognition/data/raw/asl_dataset/I/P6_I_529.jpg,ok,73239f43746b005a510b09a85e707ce1ae8dd558025eb296eab8bb9e9bcd0094
I,/content/asl-static-recognition/data/raw/asl_dataset/I/P6_I_530.jpg,ok,0c70983139dfd1beb013d8b7485fe1fe20160bb22ec64158c10e6c693116ac2f
I,/content/asl-static-recognition/data/raw/asl_dataset/I/P6_I_531.jpg,ok,554441ebfb47467fdaa01a3548563fcaedd169edb49c89caf8b73b0fac39bf66
I,/content/asl-static-recognition/data/raw/asl_dataset/I/P6_I_532.jpg,ok,8ebd585a20d3fa662025edbd560ddcf02b28fab6081e0b8a6dee49f4d1eb284c
I,/content/asl-static-recognition/data/raw/asl_dataset/I/P6_I_533.jpg,ok,1abfad33588489fc7049f256059026ca1ad4e71320bc5caaf7cd382ba9d23107
I,/content/asl-static-recognition/data/raw/asl_dataset/I/P6_I_534.jpg,ok,3df6a79660035a38e561b7a99487e2cc937b28c8ea87c4e9f034b2f35ddb3f23
I,/content/asl-static-recognition/data/raw/asl_dataset/I/P6_I_535.jpg,ok,f564afbeac3c81ad53fb69d55680265b7d0f158ed25ac1575322c61372f49229
I,/content/asl-static-recognition/data/raw/asl_dataset/I/P6_I_536.jpg,ok,ee67bbe7bcf8b4616c6c446283c00bfb8c333b8de908e12ccf3d66e2e435a2f7
I,/content/asl-static-recognition/data/raw/asl_dataset/I/P6_I_537.jpg,ok,4be5b87a49dfc4260c1f4b0eec3bbb5e4e8f7f57ba7965c6c3048a33b12397ea
I,/content/asl-static-recognition/data/raw/asl_dataset/I/P6_I_538.jpg,ok,4dd03f9e274ddd96b95822e8ef48324275c5e7480cf64c9cd632de5d717ecd60
I,/content/asl-static-recognition/data/raw/asl_dataset/I/P6_I_539.jpg,ok,860f7de93983e7922442c62bc61e8e3ae94b2a5683098632245812d410851727
I,/content/asl-static-recognition/data/raw/asl_dataset/I/P6_I_540.jpg,ok,7485a4084a714dd60977b7297f1aa759942cb764b36d7e8c2d2e166d775c47af
I,/content/asl-static-recognition/data/raw/asl_dataset/I/P6_I_541.jpg,ok,2898d1dd489d3a7c2a9efa49010e0d32d4e8459d5789fe7d5d5cab010439d399
I,/content/asl-static-recognition/data/raw/asl_dataset/I/P6_I_542.jpg,ok,c273e6a35e0a8f53965d87137ad12edbd39cabacbb54c801140adc814ebe29dc
I,/content/asl-static-recognition/data/raw/asl_dataset/I/P6_I_543.jpg,ok,08e158c9c1082b14db4999d4d497ec4103a3a13498a525c69c16ea455254bd81
I,/content/asl-static-recognition/data/raw/asl_dataset/I/P6_I_544.jpg,ok,ba375e90fcbdaa7a2c4674ab3d8435915ff18b316e2b0935e829810289f4c205
I,/content/asl-static-recognition/data/raw/asl_dataset/I/P6_I_545.jpg,ok,90fa5c3a469d6075490308c732d102f5b94da826be19ff628abe74d2f0b9a6a2
I,/content/asl-static-recognition/data/raw/asl_dataset/I/P6_I_546.jpg,ok,d2a1b2fcfe448234d33de90fd6e977c2f37e48e472949c26d08afb9d9f3db40d
I,/content/asl-static-recognition/data/raw/asl_dataset/I/P6_I_547.jpg,ok,9d713ff0245d92fbb1ccc447fe6616ba9f5bfa54a2d62c49ed3d3deed90196e5
I,/content/asl-static-recognition/data/raw/asl_dataset/I/P6_I_548.jpg,ok,477c7c08be6d7d418c20ea8cfab3756b63d5e2729d6d85e7da87b6339889a44a
I,/content/asl-static-recognition/data/raw/asl_dataset/I/P6_I_549.jpg,ok,17626754fb028be5a494ed68c05863e1d41d0de9dc13c20e13ec418a7fcb70f6
I,/content/asl-static-recognition/data/raw/asl_dataset/I/P6_I_550.jpg,ok,d37427faddc342302e20de4ceef220c2926ae5d2aa7edeb3798b2e12f6867dba
I,/content/asl-static-recognition/data/raw/asl_dataset/I/P6_I_551.jpg,ok,08cc0cf2cf86ae87318db11c35345936981921c90f0c871cfe4cc3cad83d1c2e
I,/content/asl-static-recognition/data/raw/asl_dataset/I/P6_I_552.jpg,ok,9df083793e20453c0a48e4bb578d987a3e2ea6cfd6ff0d79256921d66eb54512
I,/content/asl-static-recognition/data/raw/asl_dataset/I/P6_I_553.jpg,ok,e3dc9d338f7b876cc44d7da784a459746c8bb9fdcb82c731e5c2b850128e4f49
I,/content/asl-static-recognition/data/raw/asl_dataset/I/P6_I_554.jpg,ok,b6bfa88470c23bc5a170a598c062d1446e50aa30d18a6aba4a7d723de4a7ddd3
I,/content/asl-static-recognition/data/raw/asl_dataset/I/P6_I_555.jpg,ok,88ec262c7bc482d7d45e86403810baa2aa8b1cc007bb65cfd9374ec958c1a66a
I,/content/asl-static-recognition/data/raw/asl_dataset/I/P6_I_556.jpg,ok,57f76554b1295d82d887c183b33ea689359dcfc852b52619fe908ce5af2329dd
I,/content/asl-static-recognition/data/raw/asl_dataset/I/P6_I_557.jpg,ok,a1fda440ab660e66c6ae750ca0167a45dbc034b7620ff3fedb6780ab3bcfbbb1
I,/content/asl-static-recognition/data/raw/asl_dataset/I/P6_I_558.jpg,ok,dfc98503d582516f947b1dd4d9f6e6df30289c820574d1a9ae24a56fe90b457b
I,/content/asl-static-recognition/data/raw/asl_dataset/I/P6_I_559.jpg,ok,c681a23b5d9485a7bb68a3765aa26017b01fe41cf782dac46d8dca50e7a587f2
I,/content/asl-static-recognition/data/raw/asl_dataset/I/P6_I_560.jpg,ok,79ce988fae8c86df2a31f8ea045eee682735d73038887fa69abe7f08746e1a3d
I,/content/asl-static-recognition/data/raw/asl_dataset/I/P6_I_561.jpg,ok,162c9ad25be9864bab1eb1274ca765b1077f5c79928f94f73c02b08ec68ea1a4
I,/content/asl-static-recognition/data/raw/asl_dataset/I/P6_I_562.jpg,ok,ffeb9252689c5216c458cfc7945c76476e52f3686efa83f88c49ac613f8fb405
I,/content/asl-static-recognition/data/raw/asl_dataset/I/P6_I_563.jpg,ok,445df99173e94b02bfcce6b0def22ccab751d939a67cea974df9098b3d07ba77
I,/content/asl-static-recognition/data/raw/asl_dataset/I/P6_I_564.jpg,ok,517745aee800451c96c06c0de4bb54eb650f15b15964a094c30c8b47d5985894
I,/content/asl-static-recognition/data/raw/asl_dataset/I/P6_I_565.jpg,ok,96fbb8b962236d6e99347fe64c7af28eab2ddd8ff27b8e7e6fa4f28c24a41b7b
I,/content/asl-static-recognition/data/raw/asl_dataset/I/P6_I_566.jpg,ok,7fca83f8c5467c6341bbad12c2417ffd1f1cd6e6cfb95091477833341e3e72da
I,/content/asl-static-recognition/data/raw/asl_dataset/I/P6_I_567.jpg,ok,eb9d297100de77ec81391bd3600ba6427df8159272101ca61e75dc1190fbb7fa
I,/content/asl-static-recognition/data/raw/asl_dataset/I/P6_I_568.jpg,ok,064cdc4684fec0d8b9643ff6a2cceeadbbd1cb0d4de2bcfe82915169f5688ea4
I,/content/asl-static-recognition/data/raw/asl_dataset/I/P6_I_569.jpg,ok,cda741185ee73adabd76657f45f81495dd1b4cd22c08533de1b12c03191c9e26
I,/content/asl-static-recognition/data/raw/asl_dataset/I/P6_I_570.jpg,ok,a0f8a508e711bd790d19ffc0b7d239ae4e8a8453986a48fe27d92302f549fb11
I,/content/asl-static-recognition/data/raw/asl_dataset/I/P6_I_571.jpg,ok,bdceff6ccfb7162ab1907dbe301b3115a65e4e16a1e60fd9c7e68068082e2236
I,/content/asl-static-recognition/data/raw/asl_dataset/I/P6_I_572.jpg,ok,c15691fb3cfeabeb9af8603136cd49af3c3d236039277657c062ffdf01eb9843
I,/content/asl-static-recognition/data/raw/asl_dataset/I/P6_I_573.jpg,ok,c41c38fda1c8d2965e70bc9c112716fe117d6b9b227860bee54b160872562aee
I,/content/asl-static-recognition/data/raw/asl_dataset/I/P6_I_574.jpg,ok,291a650fcb28a02e17d91da4a412ebfb816e40f2816fa754a38181e4963a9432
I,/content/asl-static-recognition/data/raw/asl_dataset/I/P6_I_575.jpg,ok,8182a401a3283c82491d05f602f5f75adf4583c33aed7206c730dc5e020eea43
I,/content/asl-static-recognition/data/raw/asl_dataset/I/P6_I_576.jpg,ok,f7abccc120c70c02b7a28fc4ac688311df2e4ae7073dd353da19222ebc64def3
I,/content/asl-static-recognition/data/raw/asl_dataset/I/P6_I_577.jpg,ok,80fcba2559826f4fdb1810bf589c48e520b2417d62f331093f38a6c442783b99
I,/content/asl-static-recognition/data/raw/asl_dataset/I/P6_I_578.jpg,ok,683166a491bd77f1ffb029bdb26234cad4da697ed51d62b900ccbaced5828232
I,/content/asl-static-recognition/data/raw/asl_dataset/I/P6_I_579.jpg,ok,44acbb22a8e1a6b62869f3ca7275feb217e99f7ee67d1d57ae3a14bb1edcfd1d
I,/content/asl-static-recognition/data/raw/asl_dataset/I/P6_I_580.jpg,ok,0f2ca0c9ba3dc51d9658cbd47f64e5a0d02e5448c5b0e67ad0ec3588930b0a3b
I,/content/asl-static-recognition/data/raw/asl_dataset/I/P6_I_581.jpg,ok,fed66564d32d7f676c75d5500d0b8c8f6cbf16915fd2ac086a487005c6876e22
I,/content/asl-static-recognition/data/raw/asl_dataset/I/P6_I_582.jpg,ok,a21e4a20191b2f25aafb1264132642d96ea2a80069942893edb82282041a2290
I,/content/asl-static-recognition/data/raw/asl_dataset/I/P6_I_583.jpg,ok,dfad67585f7727a2fec282554179c7be753972f223a15b56bab2d2e5d4182edc
I,/content/asl-static-recognition/data/raw/asl_dataset/I/P6_I_584.jpg,ok,617754a12db919ec2a3d4474d12b2f331507bf4bf8d750303864fc8b30eff029
I,/content/asl-static-recognition/data/raw/asl_dataset/I/P6_I_585.jpg,ok,e83b6eca4c447605f4e7b171d79a5f7824f7adb2b76a0c33eec446c3036021c9
I,/content/asl-static-recognition/data/raw/asl_dataset/I/P6_I_586.jpg,ok,81b19ed7a0c33dab5776757784f33de1d96d8b3fbf066f38a39ae0eda5aac258
I,/content/asl-static-recognition/data/raw/asl_dataset/I/P6_I_587.jpg,ok,2336c5a00431327f33ab6f4c8d0d9818de98ff9a668e3ad61b4c2b423c60cdcd
I,/content/asl-static-recognition/data/raw/asl_dataset/I/P6_I_588.jpg,ok,e74412ac9272104e5d28248fe204e48f87574744e9bdb3d5c781d1b2039bf2ad
I,/content/asl-static-recognition/data/raw/asl_dataset/I/P6_I_589.jpg,ok,9392391c32516164c96a338e71ebf2519a26bd72736101d73e0d2b47757dd67b
I,/content/asl-static-recognition/data/raw/asl_dataset/I/P6_I_590.jpg,ok,08b91943cfdba82ecb519b0e8ff38cf5e56402944504223c4624299b71b4ca41
I,/content/asl-static-recognition/data/raw/asl_dataset/I/P6_I_591.jpg,ok,c6916acb49767f74abd844ce0dfa35401981afc1ff5815b41ce57d5652d80af8
I,/content/asl-static-recognition/data/raw/asl_dataset/I/P6_I_592.jpg,ok,0532145e78ab618b51db19b2e40b8b2228a7941af56aa4b75b64a1fe7835e098
I,/content/asl-static-recognition/data/raw/asl_dataset/I/P6_I_593.jpg,ok,d78409825723e0c8a622bd23708dd72197e721a024974dd5f6c1e9db9109b60a
I,/content/asl-static-recognition/data/raw/asl_dataset/I/P6_I_594.jpg,ok,f4fd3e4c5605aa9c4de41b58588c0c589c6a675079aae94c39c770b1ad0581ca
I,/content/asl-static-recognition/data/raw/asl_dataset/I/P6_I_595.jpg,ok,39792075759ab10c0fa4c2304785117e24638e86215bba3281cab52a4f48969b
I,/content/asl-static-recognition/data/raw/asl_dataset/I/P6_I_596.jpg,ok,324f541749424c74b3eb7262cea1e9f04cdafee782eb6665fd777e949d34544d
I,/content/asl-static-recognition/data/raw/asl_dataset/I/P6_I_597.jpg,ok,0caef05f25c489861bb25f4114b2140bd6851c4b57ad5531d37e10f03d290ee4
I,/content/asl-static-recognition/data/raw/asl_dataset/I/P6_I_598.jpg,ok,d0b3b49e1985c6bea486003331db6f679b5a5a64fd942607e3909b87e4f2893c
I,/content/asl-static-recognition/data/raw/asl_dataset/I/P6_I_599.jpg,ok,bec690e40f40ad371df72e985d59e49af271590ba54a9e2e4b807013122a14bf
I,/content/asl-static-recognition/data/raw/asl_dataset/I/P6_I_600.jpg,ok,81dd7847366ab4b872ca83d7cf5a61a551b8df1eb1068f40b350c033edef02dd
J,/content/asl-static-recognition/data/raw/asl_dataset/J/P10_J_961.jpg,ok,05c3107166548b0662324e85cc6397fcdd6e32403a77306ea182b72c81c69153
J,/content/asl-static-recognition/data/raw/asl_dataset/J/P10_J_962.jpg,ok,05c3107166548b0662324e85cc6397fcdd6e32403a77306ea182b72c81c69153
J,/content/asl-static-recognition/data/raw/asl_dataset/J/P4_J_302.jpg,ok,34c25e096a520869bcd9d879f40359b112c3bbab905e2dd4d9f24359dfc4101b
J,/content/asl-static-recognition/data/raw/asl_dataset/J/P4_J_304.jpg,ok,34c25e096a520869bcd9d879f40359b112c3bbab905e2dd4d9f24359dfc4101b
J,/content/asl-static-recognition/data/raw/asl_dataset/J/P4_J_323.jpg,ok,9ce0fafaf3b4a46dd3609aae4b15b28af61efa32d5da6b6d3aae535a70fbd2ca
J,/content/asl-static-recognition/data/raw/asl_dataset/J/P4_J_325.jpg,ok,9ce0fafaf3b4a46dd3609aae4b15b28af61efa32d5da6b6d3aae535a70fbd2ca
J,/content/asl-static-recognition/data/raw/asl_dataset/J/P5_J_474.jpg,ok,31316e495911654d54677aefa6c4c7bee712b3e3b237fdb11aa714aa7aa5591f
J,/content/asl-static-recognition/data/raw/asl_dataset/J/P5_J_475.jpg,ok,31316e495911654d54677aefa6c4c7bee712b3e3b237fdb11aa714aa7aa5591f
J,/content/asl-static-recognition/data/raw/asl_dataset/J/P5_J_477.jpg,ok,abbd20f0a3c304d9ac64bd2bdc33df368b53158029034c2f9f2492e45f6c8d57
J,/content/asl-static-recognition/data/raw/asl_dataset/J/P5_J_478.jpg,ok,abbd20f0a3c304d9ac64bd2bdc33df368b53158029034c2f9f2492e45f6c8d57
K,/content/asl-static-recognition/data/raw/asl_dataset/K/P10_K_914.jpg,ok,ecd90f4aad974b4270d2148d1e69d457427337962a3a597335446603fee879d3
K,/content/asl-static-recognition/data/raw/asl_dataset/K/P10_K_915.jpg,ok,ecd90f4aad974b4270d2148d1e69d457427337962a3a597335446603fee879d3
K,/content/asl-static-recognition/data/raw/asl_dataset/K/P10_K_922.jpg,ok,d160baa99a645b359519482717fc3a35925555e3a2efbe10842312f01e68eeff
K,/content/asl-static-recognition/data/raw/asl_dataset/K/P10_K_923.jpg,ok,d160baa99a645b359519482717fc3a35925555e3a2efbe10842312f01e68eeff
K,/content/asl-static-recognition/data/raw/asl_dataset/K/P10_K_996.jpg,ok,a8d8b4c8c785148c62c1433677d121cc593833fe10bb1cee8818c3f8531492a6
K,/content/asl-static-recognition/data/raw/asl_dataset/K/P10_K_997.jpg,ok,a8d8b4c8c785148c62c1433677d121cc593833fe10bb1cee8818c3f8531492a6
K,/content/asl-static-recognition/data/raw/asl_dataset/K/P2_K_106.jpg,ok,69ca69fb3e24aa1a790bdde449ef6e5362a7634e3b76f0997e952e7707effa31
K,/content/asl-static-recognition/data/raw/asl_dataset/K/P2_K_107.jpg,ok,69ca69fb3e24aa1a790bdde449ef6e5362a7634e3b76f0997e952e7707effa31
K,/content/asl-static-recognition/data/raw/asl_dataset/K/P2_K_108.jpg,ok,69ca69fb3e24aa1a790bdde449ef6e5362a7634e3b76f0997e952e7707effa31
K,/content/asl-static-recognition/data/raw/asl_dataset/K/P2_K_193.jpg,ok,da714b5d9bb9df2a9ebc0cd674bf00b170a79461d0af95876a10ad8252b36bb3
K,/content/asl-static-recognition/data/raw/asl_dataset/K/P2_K_194.jpg,ok,da714b5d9bb9df2a9ebc0cd674bf00b170a79461d0af95876a10ad8252b36bb3
K,/content/asl-static-recognition/data/raw/asl_dataset/K/P4_K_385.jpg,ok,47d9e415ee2e657d4a6f4cc85259c47e7c209d1ab36df613bae4a14c9f37ed45
K,/content/asl-static-recognition/data/raw/asl_dataset/K/P4_K_386.jpg,ok,47d9e415ee2e657d4a6f4cc85259c47e7c209d1ab36df613bae4a14c9f37ed45
K,/content/asl-static-recognition/data/raw/asl_dataset/K/P7_K_605.jpg,ok,a19389df55714e8338c50d4f84a620cdb5d1fe3f457d546a6a1208f2e9b9c135
K,/content/asl-static-recognition/data/raw/asl_dataset/K/P7_K_606.jpg,ok,a19389df55714e8338c50d4f84a620cdb5d1fe3f457d546a6a1208f2e9b9c135
K,/content/asl-static-recognition/data/raw/asl_dataset/K/P7_K_614.jpg,ok,f5a9d9fb1fb5a4cd5931c75c97a638f28ea12f61944d2c935bd1783489d5b174
K,/content/asl-static-recognition/data/raw/asl_dataset/K/P7_K_615.jpg,ok,f5a9d9fb1fb5a4cd5931c75c97a638f28ea12f61944d2c935bd1783489d5b174
K,/content/asl-static-recognition/data/raw/asl_dataset/K/P7_K_616.jpg,ok,f5a9d9fb1fb5a4cd5931c75c97a638f28ea12f61944d2c935bd1783489d5b174
K,/content/asl-static-recognition/data/raw/asl_dataset/K/P7_K_617.jpg,ok,f5a9d9fb1fb5a4cd5931c75c97a638f28ea12f61944d2c935bd1783489d5b174
K,/content/asl-static-recognition/data/raw/asl_dataset/K/P7_K_618.jpg,ok,f5a9d9fb1fb5a4cd5931c75c97a638f28ea12f61944d2c935bd1783489d5b174
K,/content/asl-static-recognition/data/raw/asl_dataset/K/P7_K_619.jpg,ok,f5a9d9fb1fb5a4cd5931c75c97a638f28ea12f61944d2c935bd1783489d5b174
K,/content/asl-static-recognition/data/raw/asl_dataset/K/P7_K_640.jpg,ok,5a7bd1bbb01d7b35a52a6ca3de5d2cfc731eb0245391d78a7422bd2a404f5c2b
K,/content/asl-static-recognition/data/raw/asl_dataset/K/P7_K_641.jpg,ok,5a7bd1bbb01d7b35a52a6ca3de5d2cfc731eb0245391d78a7422bd2a404f5c2b
K,/content/asl-static-recognition/data/raw/asl_dataset/K/P7_K_647.jpg,ok,536e07263e6b1f3b9d45306025fa0153342546d54a175db03227c0386ea1bfd4
K,/content/asl-static-recognition/data/raw/asl_dataset/K/P7_K_648.jpg,ok,536e07263e6b1f3b9d45306025fa0153342546d54a175db03227c0386ea1bfd4
K,/content/asl-static-recognition/data/raw/asl_dataset/K/P7_K_649.jpg,ok,536e07263e6b1f3b9d45306025fa0153342546d54a175db03227c0386ea1bfd4
K,/content/asl-static-recognition/data/raw/asl_dataset/K/P7_K_664.jpg,ok,f1335f500ad1f21aedb25690fcdc6c95a530978eda5e1192cd1d48f445b862e5
K,/content/asl-static-recognition/data/raw/asl_dataset/K/P7_K_665.jpg,ok,f1335f500ad1f21aedb25690fcdc6c95a530978eda5e1192cd1d48f445b862e5
K,/content/asl-static-recognition/data/raw/asl_dataset/K/P9_K_860.jpg,ok,c7839794e331b6c1563290061ef38250313a80ab42d01205e5a5c421bca24a3f
K,/content/asl-static-recognition/data/raw/asl_dataset/K/P9_K_861.jpg,ok,c7839794e331b6c1563290061ef38250313a80ab42d01205e5a5c421bca24a3f
K,/content/asl-static-recognition/data/raw/asl_dataset/K/P9_K_884.jpg,ok,3d01658e207db2310da7e5284b08c8e05548df7f3fd0e61927fef9d0c3873a23
K,/content/asl-static-recognition/data/raw/asl_dataset/K/P9_K_885.jpg,ok,3d01658e207db2310da7e5284b08c8e05548df7f3fd0e61927fef9d0c3873a23
L,/content/asl-static-recognition/data/raw/asl_dataset/L/P10_L_912.jpg,ok,154eed037521dabfb50b3edf10035b967c870d22f6e73008ed5cfdf92e0c1a3e
L,/content/asl-static-recognition/data/raw/asl_dataset/L/P10_L_914.jpg,ok,154eed037521dabfb50b3edf10035b967c870d22f6e73008ed5cfdf92e0c1a3e
L,/content/asl-static-recognition/data/raw/asl_dataset/L/P10_L_968.jpg,ok,9008af1bce9b7f5d25f2b85dc6de942c3fdd6c3a14f05c5c131af02d35c40d8f
L,/content/asl-static-recognition/data/raw/asl_dataset/L/P10_L_979.jpg,ok,9008af1bce9b7f5d25f2b85dc6de942c3fdd6c3a14f05c5c131af02d35c40d8f
L,/content/asl-static-recognition/data/raw/asl_dataset/L/P10_L_980.jpg,ok,d2f83e89d4ca5a684d42c2932e8c11d5d49c525c6523dd0d5833945b9c6fe665
L,/content/asl-static-recognition/data/raw/asl_dataset/L/P10_L_981.jpg,ok,d2f83e89d4ca5a684d42c2932e8c11d5d49c525c6523dd0d5833945b9c6fe665
L,/content/asl-static-recognition/data/raw/asl_dataset/L/P10_L_982.jpg,ok,d2f83e89d4ca5a684d42c2932e8c11d5d49c525c6523dd0d5833945b9c6fe665
L,/content/asl-static-recognition/data/raw/asl_dataset/L/P10_L_984.jpg,ok,33bdda12472c57716ebb83389a1996d2efb1f51aa9ab96eade0dedb17a639f0f
L,/content/asl-static-recognition/data/raw/asl_dataset/L/P10_L_985.jpg,ok,33bdda12472c57716ebb83389a1996d2efb1f51aa9ab96eade0dedb17a639f0f
L,/content/asl-static-recognition/data/raw/asl_dataset/L/P10_L_986.jpg,ok,c1ae14bfc70b3dcf883d30d1723064796196985f9067a282f5b686ab80914afe
L,/content/asl-static-recognition/data/raw/asl_dataset/L/P10_L_987.jpg,ok,c1ae14bfc70b3dcf883d30d1723064796196985f9067a282f5b686ab80914afe
L,/content/asl-static-recognition/data/raw/asl_dataset/L/P10_L_988.jpg,ok,c1ae14bfc70b3dcf883d30d1723064796196985f9067a282f5b686ab80914afe
L,/content/asl-static-recognition/data/raw/asl_dataset/L/P10_L_989.jpg,ok,c1ae14bfc70b3dcf883d30d1723064796196985f9067a282f5b686ab80914afe
L,/content/asl-static-recognition/data/raw/asl_dataset/L/P10_L_991.jpg,ok,c1ae14bfc70b3dcf883d30d1723064796196985f9067a282f5b686ab80914afe
L,/content/asl-static-recognition/data/raw/asl_dataset/L/P2_L_110.jpg,ok,f0e3853a2f076bc3a58e24a1928d71c60fed8a0ef896d5ce7a510ece20903e9c
L,/content/asl-static-recognition/data/raw/asl_dataset/L/P2_L_111.jpg,ok,f0e3853a2f076bc3a58e24a1928d71c60fed8a0ef896d5ce7a510ece20903e9c
L,/content/asl-static-recognition/data/raw/asl_dataset/L/P2_L_178.jpg,ok,7d893abf27e6f473cfa20c1f37a1ba6b68f002224d186959fdbf7d8ad6e0bab4
L,/content/asl-static-recognition/data/raw/asl_dataset/L/P2_L_180.jpg,ok,7d893abf27e6f473cfa20c1f37a1ba6b68f002224d186959fdbf7d8ad6e0bab4
L,/content/asl-static-recognition/data/raw/asl_dataset/L/P4_L_341.jpg,ok,d83baedce7e436faaeac5e2e0ff97d8c34b0f8b408fbe6a36559e38d77a1d05b
L,/content/asl-static-recognition/data/raw/asl_dataset/L/P4_L_342.jpg,ok,d83baedce7e436faaeac5e2e0ff97d8c34b0f8b408fbe6a36559e38d77a1d05b
L,/content/asl-static-recognition/data/raw/asl_dataset/L/P4_L_391.jpg,ok,47866a8db3f60868794ab17b464d9f1f4483659ed47312655f158be8626937cc
L,/content/asl-static-recognition/data/raw/asl_dataset/L/P4_L_392.jpg,ok,47866a8db3f60868794ab17b464d9f1f4483659ed47312655f158be8626937cc
L,/content/asl-static-recognition/data/raw/asl_dataset/L/P7_L_611.jpg,ok,17e09448d5ac863bdcd28badff9d2695b631f333f5cb3e4c3866690280c5432d
L,/content/asl-static-recognition/data/raw/asl_dataset/L/P7_L_612.jpg,ok,17e09448d5ac863bdcd28badff9d2695b631f333f5cb3e4c3866690280c5432d
L,/content/asl-static-recognition/data/raw/asl_dataset/L/P8_L_702.jpg,ok,718b5af4780ecf63c4f4e77be16a4e6d39ce2f635de9979dd4253d0f9188da7d
L,/content/asl-static-recognition/data/raw/asl_dataset/L/P8_L_705.jpg,ok,0b44eed1a379aaf4308d181f74ad9d989e6f0db7bc299b4b5e3eac12389f4e2d
L,/content/asl-static-recognition/data/raw/asl_dataset/L/P8_L_706.jpg,ok,0b44eed1a379aaf4308d181f74ad9d989e6f0db7bc299b4b5e3eac12389f4e2d
L,/content/asl-static-recognition/data/raw/asl_dataset/L/P8_L_707.jpg,ok,0b44eed1a379aaf4308d181f74ad9d989e6f0db7bc299b4b5e3eac12389f4e2d
L,/content/asl-static-recognition/data/raw/asl_dataset/L/P8_L_708.jpg,ok,0b44eed1a379aaf4308d181f74ad9d989e6f0db7bc299b4b5e3eac12389f4e2d
L,/content/asl-static-recognition/data/raw/asl_dataset/L/P8_L_709.jpg,ok,0b44eed1a379aaf4308d181f74ad9d989e6f0db7bc299b4b5e3eac12389f4e2d
L,/content/asl-static-recognition/data/raw/asl_dataset/L/P8_L_735.jpg,ok,f9997822d431778021cff89be697afdfedd62844ba2ccaaf0dd22db5177b87aa
L,/content/asl-static-recognition/data/raw/asl_dataset/L/P8_L_746.jpg,ok,f9997822d431778021cff89be697afdfedd62844ba2ccaaf0dd22db5177b87aa
L,/content/asl-static-recognition/data/raw/asl_dataset/L/P8_L_757.jpg,ok,f9997822d431778021cff89be697afdfedd62844ba2ccaaf0dd22db5177b87aa
L,/content/asl-static-recognition/data/raw/asl_dataset/L/P8_L_768.jpg,ok,718b5af4780ecf63c4f4e77be16a4e6d39ce2f635de9979dd4253d0f9188da7d
L,/content/asl-static-recognition/data/raw/asl_dataset/L/P8_L_779.jpg,ok,718b5af4780ecf63c4f4e77be16a4e6d39ce2f635de9979dd4253d0f9188da7d
L,/content/asl-static-recognition/data/raw/asl_dataset/L/P8_L_790.jpg,ok,718b5af4780ecf63c4f4e77be16a4e6d39ce2f635de9979dd4253d0f9188da7d
M,/content/asl-static-recognition/data/raw/asl_dataset/M/P10_M_1000.jpg,ok,a6be9a7c20b2f8faae2fa217f7c285bc628c2e2b9ab9eb78c5eb1a69a8341a5a
M,/content/asl-static-recognition/data/raw/asl_dataset/M/P10_M_903.jpg,ok,a6be9a7c20b2f8faae2fa217f7c285bc628c2e2b9ab9eb78c5eb1a69a8341a5a
M,/content/asl-static-recognition/data/raw/asl_dataset/M/P2_M_153.jpg,ok,f860d5345d191bea6e4e1ce0bc5ffb1517c481f89ee8c3e338cf7824657c1a8c
M,/content/asl-static-recognition/data/raw/asl_dataset/M/P2_M_154.jpg,ok,f860d5345d191bea6e4e1ce0bc5ffb1517c481f89ee8c3e338cf7824657c1a8c
M,/content/asl-static-recognition/data/raw/asl_dataset/M/P4_M_325.jpg,ok,34f0a9726b6963da8a0d96f20fd655cd3286f1ae87826f5bad5ec1ca8e05b734
M,/content/asl-static-recognition/data/raw/asl_dataset/M/P4_M_326.jpg,ok,34f0a9726b6963da8a0d96f20fd655cd3286f1ae87826f5bad5ec1ca8e05b734
M,/content/asl-static-recognition/data/raw/asl_dataset/M/P4_M_338.jpg,ok,2f6e983e1094c9970e6f0f2aed740c7a115e8b83712f215367d21284ccdd1c2c
M,/content/asl-static-recognition/data/raw/asl_dataset/M/P4_M_339.jpg,ok,2f6e983e1094c9970e6f0f2aed740c7a115e8b83712f215367d21284ccdd1c2c
M,/content/asl-static-recognition/data/raw/asl_dataset/M/P8_M_725.jpg,ok,90e130c90a7fc02340f0d682c2b927255d281aa93fd99a0207af59133bfe1b70
M,/content/asl-static-recognition/data/raw/asl_dataset/M/P8_M_726.jpg,ok,90e130c90a7fc02340f0d682c2b927255d281aa93fd99a0207af59133bfe1b70
M,/content/asl-static-recognition/data/raw/asl_dataset/M/P8_M_732.jpg,ok,8301328512026c9a0acd8daa4c539e5a22c3fdcf167040c81e45f0cb75c7c47c
M,/content/asl-static-recognition/data/raw/asl_dataset/M/P8_M_733.jpg,ok,8301328512026c9a0acd8daa4c539e5a22c3fdcf167040c81e45f0cb75c7c47c
N,/content/asl-static-recognition/data/raw/asl_dataset/N/P10_N_931.jpg,ok,db9775f33b12d3e014ab0d86149e3818ecea8505b8051a1099592ab0b6183628
N,/content/asl-static-recognition/data/raw/asl_dataset/N/P10_N_932.jpg,ok,db9775f33b12d3e014ab0d86149e3818ecea8505b8051a1099592ab0b6183628
N,/content/asl-static-recognition/data/raw/asl_dataset/N/P10_N_950.jpg,ok,d019c7395d97e5966f85ae2038a3425b1447794862130a6265c02b7b3e34ef6d
N,/content/asl-static-recognition/data/raw/asl_dataset/N/P10_N_951.jpg,ok,d019c7395d97e5966f85ae2038a3425b1447794862130a6265c02b7b3e34ef6d
N,/content/asl-static-recognition/data/raw/asl_dataset/N/P10_N_955.jpg,ok,8f4d4cafdcfd39cdf8c878c911a1eee3be7bef806e203fc2c0bceb5f924d5270
N,/content/asl-static-recognition/data/raw/asl_dataset/N/P10_N_956.jpg,ok,8f4d4cafdcfd39cdf8c878c911a1eee3be7bef806e203fc2c0bceb5f924d5270
N,/content/asl-static-recognition/data/raw/asl_dataset/N/P10_N_966.jpg,ok,bcfb78b52aa711ccb19f8cbf1a71996107e70c29a441a7804e69fc69a8d0f6b4
N,/content/asl-static-recognition/data/raw/asl_dataset/N/P10_N_967.jpg,ok,bcfb78b52aa711ccb19f8cbf1a71996107e70c29a441a7804e69fc69a8d0f6b4
N,/content/asl-static-recognition/data/raw/asl_dataset/N/P10_N_970.jpg,ok,7c80b86ee48bcc8e21bfc8074b5f173ff7538e34ca34e35a4f7463112d77828b
N,/content/asl-static-recognition/data/raw/asl_dataset/N/P10_N_971.jpg,ok,7c80b86ee48bcc8e21bfc8074b5f173ff7538e34ca34e35a4f7463112d77828b
N,/content/asl-static-recognition/data/raw/asl_dataset/N/P4_N_315.jpg,ok,3fdd5777af0abff5e167124f5084c7128a2082b7538a8a8ae93ac1eb54e19a39
N,/content/asl-static-recognition/data/raw/asl_dataset/N/P4_N_316.jpg,ok,3fdd5777af0abff5e167124f5084c7128a2082b7538a8a8ae93ac1eb54e19a39
N,/content/asl-static-recognition/data/raw/asl_dataset/N/P4_N_317.jpg,ok,3fdd5777af0abff5e167124f5084c7128a2082b7538a8a8ae93ac1eb54e19a39
N,/content/asl-static-recognition/data/raw/asl_dataset/N/P4_N_318.jpg,ok,3fdd5777af0abff5e167124f5084c7128a2082b7538a8a8ae93ac1eb54e19a39
N,/content/asl-static-recognition/data/raw/asl_dataset/N/P4_N_345.jpg,ok,f4bf810bc550aabcc202ec10e3124c0c37aa985ddcab90f04029ffe7a16b079f
N,/content/asl-static-recognition/data/raw/asl_dataset/N/P4_N_347.jpg,ok,f4bf810bc550aabcc202ec10e3124c0c37aa985ddcab90f04029ffe7a16b079f
N,/content/asl-static-recognition/data/raw/asl_dataset/N/P4_N_348.jpg,ok,f4bf810bc550aabcc202ec10e3124c0c37aa985ddcab90f04029ffe7a16b079f
N,/content/asl-static-recognition/data/raw/asl_dataset/N/P4_N_353.jpg,ok,a2bb7dc35dbd02f4be93081a15296cef01890b0464a3709fd82bcb2ee2cf91e4
N,/content/asl-static-recognition/data/raw/asl_dataset/N/P4_N_354.jpg,ok,a2bb7dc35dbd02f4be93081a15296cef01890b0464a3709fd82bcb2ee2cf91e4
N,/content/asl-static-recognition/data/raw/asl_dataset/N/P4_N_355.jpg,ok,a2bb7dc35dbd02f4be93081a15296cef01890b0464a3709fd82bcb2ee2cf91e4
N,/content/asl-static-recognition/data/raw/asl_dataset/N/P4_N_356.jpg,ok,a2bb7dc35dbd02f4be93081a15296cef01890b0464a3709fd82bcb2ee2cf91e4
N,/content/asl-static-recognition/data/raw/asl_dataset/N/P7_N_674.jpg,ok,843dfb2f0ce88331ad4d130cd4e26a84ff6a4890a094db317f6ede9cfd4cf148
N,/content/asl-static-recognition/data/raw/asl_dataset/N/P7_N_675.jpg,ok,843dfb2f0ce88331ad4d130cd4e26a84ff6a4890a094db317f6ede9cfd4cf148
N,/content/asl-static-recognition/data/raw/asl_dataset/N/P7_N_676.jpg,ok,843dfb2f0ce88331ad4d130cd4e26a84ff6a4890a094db317f6ede9cfd4cf148
N,/content/asl-static-recognition/data/raw/asl_dataset/N/P7_N_677.jpg,ok,843dfb2f0ce88331ad4d130cd4e26a84ff6a4890a094db317f6ede9cfd4cf148
N,/content/asl-static-recognition/data/raw/asl_dataset/N/P7_N_678.jpg,ok,843dfb2f0ce88331ad4d130cd4e26a84ff6a4890a094db317f6ede9cfd4cf148
N,/content/asl-static-recognition/data/raw/asl_dataset/N/P7_N_680.jpg,ok,c0e51fffca9ff6ec646f2fa3a4dafadc7aa5c1539ec7d360c8a1f3e356c2bb6e
N,/content/asl-static-recognition/data/raw/asl_dataset/N/P7_N_681.jpg,ok,c0e51fffca9ff6ec646f2fa3a4dafadc7aa5c1539ec7d360c8a1f3e356c2bb6e
N,/content/asl-static-recognition/data/raw/asl_dataset/N/P7_N_682.jpg,ok,c0e51fffca9ff6ec646f2fa3a4dafadc7aa5c1539ec7d360c8a1f3e356c2bb6e
N,/content/asl-static-recognition/data/raw/asl_dataset/N/P7_N_683.jpg,ok,c0e51fffca9ff6ec646f2fa3a4dafadc7aa5c1539ec7d360c8a1f3e356c2bb6e
N,/content/asl-static-recognition/data/raw/asl_dataset/N/P7_N_684.jpg,ok,c0e51fffca9ff6ec646f2fa3a4dafadc7aa5c1539ec7d360c8a1f3e356c2bb6e
O,/content/asl-static-recognition/data/raw/asl_dataset/O/P10_O_967.jpg,ok,02354df5e421c34d92220ae3101800cb5c991f5c409d046a761cfd944dba2d80
O,/content/asl-static-recognition/data/raw/asl_dataset/O/P10_O_969.jpg,ok,02354df5e421c34d92220ae3101800cb5c991f5c409d046a761cfd944dba2d80
O,/content/asl-static-recognition/data/raw/asl_dataset/O/P2_O_102.jpg,ok,8b80c42db9b0f96a025eaa86b92ab4fbcdb7768dcae23fa61d00477851b30924
O,/content/asl-static-recognition/data/raw/asl_dataset/O/P2_O_104.jpg,ok,8b80c42db9b0f96a025eaa86b92ab4fbcdb7768dcae23fa61d00477851b30924
O,/content/asl-static-recognition/data/raw/asl_dataset/O/P4_O_364.jpg,ok,d17e9cd217763fc21704c5360e3072bbea37d4830e86958336ceab56e1bd9233
O,/content/asl-static-recognition/data/raw/asl_dataset/O/P4_O_365.jpg,ok,d17e9cd217763fc21704c5360e3072bbea37d4830e86958336ceab56e1bd9233
O,/content/asl-static-recognition/data/raw/asl_dataset/O/P4_O_374.jpg,ok,418bcf85e7b925c5155b3932e793086cb2f8df354971f8f6760aad26719a15af
O,/content/asl-static-recognition/data/raw/asl_dataset/O/P4_O_375.jpg,ok,418bcf85e7b925c5155b3932e793086cb2f8df354971f8f6760aad26719a15af
O,/content/asl-static-recognition/data/raw/asl_dataset/O/P4_O_397.jpg,ok,602d940acb7463688a9265b7dad62f2c7fb5fb81e44f7f4962f456e3cc45d782
O,/content/asl-static-recognition/data/raw/asl_dataset/O/P4_O_398.jpg,ok,602d940acb7463688a9265b7dad62f2c7fb5fb81e44f7f4962f456e3cc45d782
P,/content/asl-static-recognition/data/raw/asl_dataset/P/P10_P_913.jpg,ok,94829b12df11f92c867babe055ca400cf3db6c30f283878251b032be9d57e3e7
P,/content/asl-static-recognition/data/raw/asl_dataset/P/P10_P_915.jpg,ok,6a8eec6c4c3579a2ecb1a54a7bd39280764e430704af3fda8242e8424344c0e6
P,/content/asl-static-recognition/data/raw/asl_dataset/P/P10_P_916.jpg,ok,6a8eec6c4c3579a2ecb1a54a7bd39280764e430704af3fda8242e8424344c0e6
P,/content/asl-static-recognition/data/raw/asl_dataset/P/P10_P_924.jpg,ok,94829b12df11f92c867babe055ca400cf3db6c30f283878251b032be9d57e3e7
P,/content/asl-static-recognition/data/raw/asl_dataset/P/P2_P_160.jpg,ok,ec5f88d84573ead7deadfc83cb011653dae03c50d2210cbdf3b6e129b6444098
P,/content/asl-static-recognition/data/raw/asl_dataset/P/P2_P_161.jpg,ok,ec5f88d84573ead7deadfc83cb011653dae03c50d2210cbdf3b6e129b6444098
P,/content/asl-static-recognition/data/raw/asl_dataset/P/P2_P_162.jpg,ok,ec5f88d84573ead7deadfc83cb011653dae03c50d2210cbdf3b6e129b6444098
P,/content/asl-static-recognition/data/raw/asl_dataset/P/P2_P_192.jpg,ok,1409f1072491f47e23f57363299f573720d5f3a4d7757228dfd449c0fb66a9a1
P,/content/asl-static-recognition/data/raw/asl_dataset/P/P2_P_193.jpg,ok,1409f1072491f47e23f57363299f573720d5f3a4d7757228dfd449c0fb66a9a1
P,/content/asl-static-recognition/data/raw/asl_dataset/P/P2_P_196.jpg,ok,1b5030f38a594c0f85c0392b6a6612c7894c8437a9c2a8b3e638435c3199cd71
P,/content/asl-static-recognition/data/raw/asl_dataset/P/P2_P_197.jpg,ok,1b5030f38a594c0f85c0392b6a6612c7894c8437a9c2a8b3e638435c3199cd71
P,/content/asl-static-recognition/data/raw/asl_dataset/P/P2_P_198.jpg,ok,1b5030f38a594c0f85c0392b6a6612c7894c8437a9c2a8b3e638435c3199cd71
P,/content/asl-static-recognition/data/raw/asl_dataset/P/P4_P_302.jpg,ok,1bb9f8277bcac5aca99689d868055699c65fba37bc7ca3a9e8e8e546bb6828ee
P,/content/asl-static-recognition/data/raw/asl_dataset/P/P4_P_304.jpg,ok,1bb9f8277bcac5aca99689d868055699c65fba37bc7ca3a9e8e8e546bb6828ee
P,/content/asl-static-recognition/data/raw/asl_dataset/P/P4_P_329.jpg,ok,62a95982399b0ac879b5eba3de0a9b83dda8aa05ef8501d2204b8978c90029fb
P,/content/asl-static-recognition/data/raw/asl_dataset/P/P4_P_330.jpg,ok,62a95982399b0ac879b5eba3de0a9b83dda8aa05ef8501d2204b8978c90029fb
P,/content/asl-static-recognition/data/raw/asl_dataset/P/P4_P_335.jpg,ok,9af06d259b882f8a2f6314dbaa2791168eb164400dd1991d785befee60d4ff74
P,/content/asl-static-recognition/data/raw/asl_dataset/P/P4_P_346.jpg,ok,9af06d259b882f8a2f6314dbaa2791168eb164400dd1991d785befee60d4ff74
Q,/content/asl-static-recognition/data/raw/asl_dataset/Q/P10_Q_901.jpg,ok,745c7c1fd85ea7e80949516969f4e1bb5abdeee1c7b044b9ab858b9e6240fe71
Q,/content/asl-static-recognition/data/raw/asl_dataset/Q/P10_Q_913.jpg,ok,745c7c1fd85ea7e80949516969f4e1bb5abdeee1c7b044b9ab858b9e6240fe71
Q,/content/asl-static-recognition/data/raw/asl_dataset/Q/P10_Q_942.jpg,ok,83072ad04061b7dcc7fdea795eee8551817dd431b490d2eaa343057df83f40b4
Q,/content/asl-static-recognition/data/raw/asl_dataset/Q/P10_Q_943.jpg,ok,83072ad04061b7dcc7fdea795eee8551817dd431b490d2eaa343057df83f40b4
Q,/content/asl-static-recognition/data/raw/asl_dataset/Q/P10_Q_944.jpg,ok,83072ad04061b7dcc7fdea795eee8551817dd431b490d2eaa343057df83f40b4
Q,/content/asl-static-recognition/data/raw/asl_dataset/Q/P10_Q_947.jpg,ok,b2ddeb7be5e5777cdb29348c325a74545518b3a4e929a5327f952659193c9660
Q,/content/asl-static-recognition/data/raw/asl_dataset/Q/P10_Q_948.jpg,ok,b2ddeb7be5e5777cdb29348c325a74545518b3a4e929a5327f952659193c9660
Q,/content/asl-static-recognition/data/raw/asl_dataset/Q/P10_Q_949.jpg,ok,b2ddeb7be5e5777cdb29348c325a74545518b3a4e929a5327f952659193c9660
Q,/content/asl-static-recognition/data/raw/asl_dataset/Q/P10_Q_953.jpg,ok,d80cc13e446b3fd68784484d13287c0bdddb486f131ae4dd1db409caf386fb02
Q,/content/asl-static-recognition/data/raw/asl_dataset/Q/P10_Q_954.jpg,ok,d80cc13e446b3fd68784484d13287c0bdddb486f131ae4dd1db409caf386fb02
Q,/content/asl-static-recognition/data/raw/asl_dataset/Q/P10_Q_955.jpg,ok,d80cc13e446b3fd68784484d13287c0bdddb486f131ae4dd1db409caf386fb02
Q,/content/asl-static-recognition/data/raw/asl_dataset/Q/P10_Q_992.jpg,ok,363900e76ae72d88264204a99f8f9eb64a5e4daf3f06d695b8a9fb08c1193551
Q,/content/asl-static-recognition/data/raw/asl_dataset/Q/P10_Q_993.jpg,ok,363900e76ae72d88264204a99f8f9eb64a5e4daf3f06d695b8a9fb08c1193551
Q,/content/asl-static-recognition/data/raw/asl_dataset/Q/P2_Q_105.jpg,ok,ac12db68002e3a428a30c1001011c395fdfb5fcc6910c006616750e2960ea30a
Q,/content/asl-static-recognition/data/raw/asl_dataset/Q/P2_Q_106.jpg,ok,ac12db68002e3a428a30c1001011c395fdfb5fcc6910c006616750e2960ea30a
Q,/content/asl-static-recognition/data/raw/asl_dataset/Q/P2_Q_175.jpg,ok,3fdefa8962ef50c28fedf77025b4b03d97e62a85f333fc57df844508ea22c1c5
Q,/content/asl-static-recognition/data/raw/asl_dataset/Q/P2_Q_176.jpg,ok,3fdefa8962ef50c28fedf77025b4b03d97e62a85f333fc57df844508ea22c1c5
R,/content/asl-static-recognition/data/raw/asl_dataset/R/P10_R_926.jpg,ok,16fe6d737ccda1a3f1e292a7085570ae6be2db0796913c0cfb83be9b4d0116c6
R,/content/asl-static-recognition/data/raw/asl_dataset/R/P10_R_927.jpg,ok,16fe6d737ccda1a3f1e292a7085570ae6be2db0796913c0cfb83be9b4d0116c6
R,/content/asl-static-recognition/data/raw/asl_dataset/R/P10_R_928.jpg,ok,16fe6d737ccda1a3f1e292a7085570ae6be2db0796913c0cfb83be9b4d0116c6
R,/content/asl-static-recognition/data/raw/asl_dataset/R/P10_R_934.jpg,ok,5e0f1dc83d41f372eabd8d04951f06f39eaf19eadafad3f9dd2d00886e99adf8
R,/content/asl-static-recognition/data/raw/asl_dataset/R/P10_R_936.jpg,ok,5e0f1dc83d41f372eabd8d04951f06f39eaf19eadafad3f9dd2d00886e99adf8
R,/content/asl-static-recognition/data/raw/asl_dataset/R/P10_R_996.jpg,ok,9c05bbe632fe00d643aa07eb9dabf5a70f9c3ce58953a5793fed059e0480c4cd
R,/content/asl-static-recognition/data/raw/asl_dataset/R/P10_R_997.jpg,ok,9c05bbe632fe00d643aa07eb9dabf5a70f9c3ce58953a5793fed059e0480c4cd
R,/content/asl-static-recognition/data/raw/asl_dataset/R/P2_R_134.jpg,ok,ae7ec1eedab1b74fb2cf48e3906743dd9308c493964fbd8e490db87f11342dd6
R,/content/asl-static-recognition/data/raw/asl_dataset/R/P2_R_136.jpg,ok,ae7ec1eedab1b74fb2cf48e3906743dd9308c493964fbd8e490db87f11342dd6
R,/content/asl-static-recognition/data/raw/asl_dataset/R/P2_R_173.jpg,ok,2714833c55cfc91576985374e9648288c9331ba3cc900534499af533ec5740ac
R,/content/asl-static-recognition/data/raw/asl_dataset/R/P2_R_174.jpg,ok,2714833c55cfc91576985374e9648288c9331ba3cc900534499af533ec5740ac
R,/content/asl-static-recognition/data/raw/asl_dataset/R/P2_R_175.jpg,ok,2714833c55cfc91576985374e9648288c9331ba3cc900534499af533ec5740ac
R,/content/asl-static-recognition/data/raw/asl_dataset/R/P5_R_438.jpg,ok,77f66c41a23d22a8804f5d7e3c95ee1d580cc30b5b705ba0690a9aaddca61a16
R,/content/asl-static-recognition/data/raw/asl_dataset/R/P5_R_439.jpg,ok,77f66c41a23d22a8804f5d7e3c95ee1d580cc30b5b705ba0690a9aaddca61a16
R,/content/asl-static-recognition/data/raw/asl_dataset/R/P5_R_440.jpg,ok,77f66c41a23d22a8804f5d7e3c95ee1d580cc30b5b705ba0690a9aaddca61a16
R,/content/asl-static-recognition/data/raw/asl_dataset/R/P5_R_441.jpg,ok,77f66c41a23d22a8804f5d7e3c95ee1d580cc30b5b705ba0690a9aaddca61a16
R,/content/asl-static-recognition/data/raw/asl_dataset/R/P5_R_442.jpg,ok,77f66c41a23d22a8804f5d7e3c95ee1d580cc30b5b705ba0690a9aaddca61a16
R,/content/asl-static-recognition/data/raw/asl_dataset/R/P5_R_443.jpg,ok,77f66c41a23d22a8804f5d7e3c95ee1d580cc30b5b705ba0690a9aaddca61a16
R,/content/asl-static-recognition/data/raw/asl_dataset/R/P5_R_444.jpg,ok,77f66c41a23d22a8804f5d7e3c95ee1d580cc30b5b705ba0690a9aaddca61a16
R,/content/asl-static-recognition/data/raw/asl_dataset/R/P5_R_447.jpg,ok,895460e0870876fee449fa4f8dc4c126341e85473c8c14c7426a390464caa0a2
R,/content/asl-static-recognition/data/raw/asl_dataset/R/P5_R_448.jpg,ok,895460e0870876fee449fa4f8dc4c126341e85473c8c14c7426a390464caa0a2
R,/content/asl-static-recognition/data/raw/asl_dataset/R/P5_R_454.jpg,ok,9c9f5b8fbbdf713a8a5ab9dd88526191192cdb765f1bb6bc9da2120013524c6b
R,/content/asl-static-recognition/data/raw/asl_dataset/R/P5_R_455.jpg,ok,9c9f5b8fbbdf713a8a5ab9dd88526191192cdb765f1bb6bc9da2120013524c6b
R,/content/asl-static-recognition/data/raw/asl_dataset/R/P9_R_804.jpg,ok,18d9d640bce2f5a286b9b1e50505c1e425cf343441178569bfd698e96f1a25fc
R,/content/asl-static-recognition/data/raw/asl_dataset/R/P9_R_805.jpg,ok,18d9d640bce2f5a286b9b1e50505c1e425cf343441178569bfd698e96f1a25fc
S,/content/asl-static-recognition/data/raw/asl_dataset/S/P10_S_979.jpg,ok,308fd4d3f76a0e47bda5c0b1c5ae26802409f30444f64f7f37ddc9c4d2aa1857
S,/content/asl-static-recognition/data/raw/asl_dataset/S/P10_S_990.jpg,ok,308fd4d3f76a0e47bda5c0b1c5ae26802409f30444f64f7f37ddc9c4d2aa1857
S,/content/asl-static-recognition/data/raw/asl_dataset/S/P2_S_127.jpg,ok,52dbd38bd24eb6b3c4d0166e6567d7a63d9e89093fc3e5c1cd8e147935f85ed2
S,/content/asl-static-recognition/data/raw/asl_dataset/S/P2_S_128.jpg,ok,52dbd38bd24eb6b3c4d0166e6567d7a63d9e89093fc3e5c1cd8e147935f85ed2
T,/content/asl-static-recognition/data/raw/asl_dataset/T/P10_T_935.jpg,ok,2addc84cd146be6fd30c686d4ef644bb35eec7c951b75d11bc7daab29c46fa43
T,/content/asl-static-recognition/data/raw/asl_dataset/T/P10_T_946.jpg,ok,2addc84cd146be6fd30c686d4ef644bb35eec7c951b75d11bc7daab29c46fa43
T,/content/asl-static-recognition/data/raw/asl_dataset/T/P10_T_981.jpg,ok,aea2595c90deb7a9213711c0fc3c4fd444c1daf39970e6e21878c9dc187a9320
T,/content/asl-static-recognition/data/raw/asl_dataset/T/P10_T_982.jpg,ok,aea2595c90deb7a9213711c0fc3c4fd444c1daf39970e6e21878c9dc187a9320
T,/content/asl-static-recognition/data/raw/asl_dataset/T/P2_T_144.jpg,ok,5f0746b05079bc68208cdd8b9de8486b9aea5db1c08cb44f59ac82d8e3e3ec95
T,/content/asl-static-recognition/data/raw/asl_dataset/T/P2_T_145.jpg,ok,5f0746b05079bc68208cdd8b9de8486b9aea5db1c08cb44f59ac82d8e3e3ec95
T,/content/asl-static-recognition/data/raw/asl_dataset/T/P2_T_167.jpg,ok,83ec0e3efb12e4c3d3740f07a252360cdf14d8edcd09e28e196f10e0e626d476
T,/content/asl-static-recognition/data/raw/asl_dataset/T/P2_T_169.jpg,ok,83ec0e3efb12e4c3d3740f07a252360cdf14d8edcd09e28e196f10e0e626d476
U,/content/asl-static-recognition/data/raw/asl_dataset/U/P10_U_974.jpg,ok,0098b74eb000a13f915b0fdedf5fa0c50a8e3f9651d8258ffe66e5347a25a854
U,/content/asl-static-recognition/data/raw/asl_dataset/U/P10_U_975.jpg,ok,0098b74eb000a13f915b0fdedf5fa0c50a8e3f9651d8258ffe66e5347a25a854
U,/content/asl-static-recognition/data/raw/asl_dataset/U/P10_U_991.jpg,ok,442d5308b8b5d228286c1e3a0a5174105ce30d9593856b6cd98b18b47af8dff7
U,/content/asl-static-recognition/data/raw/asl_dataset/U/P10_U_992.jpg,ok,442d5308b8b5d228286c1e3a0a5174105ce30d9593856b6cd98b18b47af8dff7
U,/content/asl-static-recognition/data/raw/asl_dataset/U/P2_U_106.jpg,ok,e384990d50def7b389d846bf02e66d08838c0a8855f8b82a86d35bdefbee4356
U,/content/asl-static-recognition/data/raw/asl_dataset/U/P2_U_107.jpg,ok,e384990d50def7b389d846bf02e66d08838c0a8855f8b82a86d35bdefbee4356
U,/content/asl-static-recognition/data/raw/asl_dataset/U/P2_U_185.jpg,ok,9ce646f1a0431acf777ef1643eabd8038dd1f273906a09ef9b5ad89e7fa22be1
U,/content/asl-static-recognition/data/raw/asl_dataset/U/P2_U_186.jpg,ok,9ce646f1a0431acf777ef1643eabd8038dd1f273906a09ef9b5ad89e7fa22be1
U,/content/asl-static-recognition/data/raw/asl_dataset/U/P2_U_187.jpg,ok,9ce646f1a0431acf777ef1643eabd8038dd1f273906a09ef9b5ad89e7fa22be1
V,/content/asl-static-recognition/data/raw/asl_dataset/V/P10_V_915.jpg,ok,74c577a52bdc88b4af9a3af396c2699dd1964dc59ae7c5ad11881b12f02b6119
V,/content/asl-static-recognition/data/raw/asl_dataset/V/P10_V_916.jpg,ok,74c577a52bdc88b4af9a3af396c2699dd1964dc59ae7c5ad11881b12f02b6119
V,/content/asl-static-recognition/data/raw/asl_dataset/V/P10_V_921.jpg,ok,5003c31cce7ed4596b4784a4ad6b06596746ddeaa47ca42a36e714fedffcbb8d
V,/content/asl-static-recognition/data/raw/asl_dataset/V/P10_V_922.jpg,ok,5003c31cce7ed4596b4784a4ad6b06596746ddeaa47ca42a36e714fedffcbb8d
V,/content/asl-static-recognition/data/raw/asl_dataset/V/P10_V_955.jpg,ok,3b2e9545cda27835380e00242428908798ea0c5ddb49d90d352782614d722e51
V,/content/asl-static-recognition/data/raw/asl_dataset/V/P10_V_956.jpg,ok,3b2e9545cda27835380e00242428908798ea0c5ddb49d90d352782614d722e51
V,/content/asl-static-recognition/data/raw/asl_dataset/V/P10_V_958.jpg,ok,3b2e9545cda27835380e00242428908798ea0c5ddb49d90d352782614d722e51
V,/content/asl-static-recognition/data/raw/asl_dataset/V/P10_V_975.jpg,ok,b1f6984c4fe85e3ed8b022d8e44bfc3d5cc4a0f430c80f1512fff747c9746eab
V,/content/asl-static-recognition/data/raw/asl_dataset/V/P10_V_976.jpg,ok,b1f6984c4fe85e3ed8b022d8e44bfc3d5cc4a0f430c80f1512fff747c9746eab
V,/content/asl-static-recognition/data/raw/asl_dataset/V/P2_V_163.jpg,ok,06d1b2bc273d7bc8b414278b3060a1397a8955b23d8bb0a444c682c30be179af
V,/content/asl-static-recognition/data/raw/asl_dataset/V/P2_V_164.jpg,ok,06d1b2bc273d7bc8b414278b3060a1397a8955b23d8bb0a444c682c30be179af
V,/content/asl-static-recognition/data/raw/asl_dataset/V/P5_V_401.jpg,ok,634c3624e35f39a37924399aadc7dbcb4d956de6a04c2b3b30952e96f500f0c6
V,/content/asl-static-recognition/data/raw/asl_dataset/V/P5_V_402.jpg,ok,4e4a44401105fe2a83af54e4d894cfa84c83bf4522693e74885c5e0d752b3f48
V,/content/asl-static-recognition/data/raw/asl_dataset/V/P5_V_403.jpg,ok,d14c24f1b48a8e8820662dcd090ac26f09bae7d23e42cea1a8cd8f03e43afbc5
V,/content/asl-static-recognition/data/raw/asl_dataset/V/P5_V_404.jpg,ok,0def093d2b094ad5e8de72b6864fe5810453b58732285f6f77921309f5138bf6
V,/content/asl-static-recognition/data/raw/asl_dataset/V/P5_V_405.jpg,ok,d51760241782dbf5e1eac5a1701847426ac5109e63a5e180725bfd8d2f3c92b1
V,/content/asl-static-recognition/data/raw/asl_dataset/V/P5_V_406.jpg,ok,991f0386f6e2c40c4e1393e4e287ad90f61c3d70fb4c9d74055fb67bf92d82ab
V,/content/asl-static-recognition/data/raw/asl_dataset/V/P5_V_407.jpg,ok,ceb29a52a5cdf7bae20f9738b82bbcce69bc1e7e8507de7560d21b20250e490f
V,/content/asl-static-recognition/data/raw/asl_dataset/V/P5_V_408.jpg,ok,a2635923c774ae75e763801739fb3d569ebfc0b13b0275e6895b3e79b1701f05
V,/content/asl-static-recognition/data/raw/asl_dataset/V/P5_V_409.jpg,ok,63c8289011d74373059578f66971d61a7d8175efd6762287bc5d3dfe27636dff
V,/content/asl-static-recognition/data/raw/asl_dataset/V/P5_V_410.jpg,ok,36bc4f6651a4b141a8c7a761fae171f04be91ac22bf2235658fc16330718f365
V,/content/asl-static-recognition/data/raw/asl_dataset/V/P5_V_411.jpg,ok,fe0670cfa063993ea04003ef0e51a9aa30f6b7ae3a88f5a6b38442a93b5b6121
V,/content/asl-static-recognition/data/raw/asl_dataset/V/P5_V_412.jpg,ok,89d286f43f836c4b911f1f78170ec1a83c49ce55a2e5c0de5911f940378e4581
V,/content/asl-static-recognition/data/raw/asl_dataset/V/P5_V_413.jpg,ok,47dda386be8f27d372a4c88990131898ac682c6096dfba1bbf17ddb993556cef
V,/content/asl-static-recognition/data/raw/asl_dataset/V/P5_V_414.jpg,ok,425d245eda7d1c219e58d9aff8ae99b95615573660ccbd6eb41a8e9b7ddc011e
V,/content/asl-static-recognition/data/raw/asl_dataset/V/P5_V_415.jpg,ok,b7ad3e2944eda7d797f34599c5f412244bc0c3b270b43bc810102481a14e5612
V,/content/asl-static-recognition/data/raw/asl_dataset/V/P5_V_416.jpg,ok,60448a19294bd1f5bf51b1085af10236e4c77f344b246920a6ec6baf99bbebe6
V,/content/asl-static-recognition/data/raw/asl_dataset/V/P5_V_417.jpg,ok,298d89cb659aacf1ae502a4f8ac23d49f69cb3392da272059816967dd2a8bed8
V,/content/asl-static-recognition/data/raw/asl_dataset/V/P5_V_418.jpg,ok,dc6aa30fbdd000e610b6e3bccfa79d0a22a01172379d5fb1bbf5f6e00e694b72
V,/content/asl-static-recognition/data/raw/asl_dataset/V/P5_V_419.jpg,ok,54e6c0e3c35c6211f457ce02b94d3dea8d5b4f0134f1fa8791b033ef303cbf61
V,/content/asl-static-recognition/data/raw/asl_dataset/V/P5_V_420.jpg,ok,fc409c7b1532c3a04933e2a6f12c23168d90dcd3e4bdb7a3333f8edd00f8ed2c
V,/content/asl-static-recognition/data/raw/asl_dataset/V/P5_V_421.jpg,ok,100883bcd8b8ab76f02b85a1fb3e4417b84c80d0ab8adc08cb629a65a0230d9d
V,/content/asl-static-recognition/data/raw/asl_dataset/V/P5_V_422.jpg,ok,4e0ed52b3c1190127fcd9d51c9bad3351c21e2b2d06bf51b81fc39fb0362d31b
V,/content/asl-static-recognition/data/raw/asl_dataset/V/P5_V_423.jpg,ok,c8c2e227bc15c3097a1c0dbb4dc28832ab770ef9ca726c985c3f23755e6c3d45
V,/content/asl-static-recognition/data/raw/asl_dataset/V/P5_V_424.jpg,ok,51f3db7196d7c1a1f50b8dec1b7841029ae63ccc77b107c3bd473b11f59429a8
V,/content/asl-static-recognition/data/raw/asl_dataset/V/P5_V_425.jpg,ok,94d76f63bd54717f1d01a2fd4d7e2d5f43ca5ccf55ffcc55d06ab8898777ade7
V,/content/asl-static-recognition/data/raw/asl_dataset/V/P5_V_426.jpg,ok,7591c27d999e7db6803297ba99385cc4f1a074606e2c3ae926511d80e7ee7a86
V,/content/asl-static-recognition/data/raw/asl_dataset/V/P5_V_427.jpg,ok,27ae18d7baa50a440a72d5811f7ce9c28ea8a39ad50e115e9d0b5b01aa737830
V,/content/asl-static-recognition/data/raw/asl_dataset/V/P5_V_428.jpg,ok,0b49ec538607b31be387732a380a803d77fa0f603056550fc55f11a70cf00f37
V,/content/asl-static-recognition/data/raw/asl_dataset/V/P5_V_429.jpg,ok,17b74a4f982b9fa71057114fb7aa093f17a6eee03252f0a91ee3f5205c06c715
V,/content/asl-static-recognition/data/raw/asl_dataset/V/P5_V_430.jpg,ok,219ccc5f51ac3939613512f59e4f99d79cd30f3138c2b4434dc7e86294139b51
V,/content/asl-static-recognition/data/raw/asl_dataset/V/P5_V_431.jpg,ok,bfb5beac5c749d6af6bd9dc9c5f36dc5105fd4d9a3d09535f7210b5c4710c88a
V,/content/asl-static-recognition/data/raw/asl_dataset/V/P5_V_432.jpg,ok,0e4c861a3898c7f1e68351916bc788d5db089cd0446b153bcbe72d4e4091cf52
V,/content/asl-static-recognition/data/raw/asl_dataset/V/P5_V_433.jpg,ok,31d4938d83b90ad31bf08430840467057fde80cd228ba0c99876d463840a5a00
V,/content/asl-static-recognition/data/raw/asl_dataset/V/P5_V_434.jpg,ok,6511a972c26385b8dec249fb0c513aff162154dea0feb668241db3b30ff88b92
V,/content/asl-static-recognition/data/raw/asl_dataset/V/P5_V_435.jpg,ok,275dff43b0aad5089b719f61bec954b7e074409e85406655244035b4b4f13c0a
V,/content/asl-static-recognition/data/raw/asl_dataset/V/P5_V_436.jpg,ok,16416c6581165ab9c2c0d95dd11cd11e6c3004105ab6b3cdd9266bf674b8e4fb
V,/content/asl-static-recognition/data/raw/asl_dataset/V/P5_V_437.jpg,ok,39809bfe4442eca2b0a958f007bf671b2d5537a6e0ef9b0537a32635d553e163
V,/content/asl-static-recognition/data/raw/asl_dataset/V/P5_V_438.jpg,ok,0735ba732ccf270a468a5744d05c4b686737411f8798b158522b91e884a71e8f
V,/content/asl-static-recognition/data/raw/asl_dataset/V/P5_V_439.jpg,ok,bef45366c2e7c40a67f6fe5c9653cf76b52fe0a6d9387dc8e47aac444ac31eb5
V,/content/asl-static-recognition/data/raw/asl_dataset/V/P5_V_440.jpg,ok,efefa52c775bace56d7d01298f5ee33883b64eb0ba92ed435f0d505de7bdf86f
V,/content/asl-static-recognition/data/raw/asl_dataset/V/P5_V_441.jpg,ok,2d952f2900dc3d8f5de6a92880155ac2edb810881442f2176ca063587aa6bc32
V,/content/asl-static-recognition/data/raw/asl_dataset/V/P5_V_442.jpg,ok,f9754a0fac37e7a710c53cc31086d8bcc92567ded0aff37b8923c6390ff29565
V,/content/asl-static-recognition/data/raw/asl_dataset/V/P5_V_443.jpg,ok,29487c7cfe3f7ca47301d96a3df6b46c32f7e13e212aff26538f52979ec95eea
V,/content/asl-static-recognition/data/raw/asl_dataset/V/P5_V_444.jpg,ok,228b455ee09e160dca9fcbcf7a6e3eae85ccd31413e7c2f363b82e476979d9f7
V,/content/asl-static-recognition/data/raw/asl_dataset/V/P5_V_445.jpg,ok,0724e31fb884f5e304ee24b12f2ac6bb43dadb7f279020e80f5747bf576a77d6
V,/content/asl-static-recognition/data/raw/asl_dataset/V/P5_V_446.jpg,ok,db2a1bd018add15bc77f45ee257799d16fff63fa97bad976bee73f0df413d0fc
V,/content/asl-static-recognition/data/raw/asl_dataset/V/P5_V_447.jpg,ok,159cbd1505b0d2624ce350b651a0ece821d499d2197fa1b7adcab8fa8c52185e
V,/content/asl-static-recognition/data/raw/asl_dataset/V/P5_V_448.jpg,ok,184e0c2f4d5589bdc4f1aad0c93dabc76728cdebb880e8fa59369b8c74757f73
V,/content/asl-static-recognition/data/raw/asl_dataset/V/P5_V_449.jpg,ok,f74122dadbcd9c12500ce7d3424b276e25aabaad6fa54787a18cb303fe71293b
V,/content/asl-static-recognition/data/raw/asl_dataset/V/P5_V_450.jpg,ok,21da1607f1417147c0108c10451dc9647b4eb4b2b0feb2ef98b84b5e6d65825c
V,/content/asl-static-recognition/data/raw/asl_dataset/V/P5_V_451.jpg,ok,27eed542e0a6721016b63ce8984bbbee675e1d7e6ad5aa78848c1b9e775ccbcb
V,/content/asl-static-recognition/data/raw/asl_dataset/V/P5_V_452.jpg,ok,7a5c6a69494753fbcdf177657ac9256773092918e0ad5b3bc64b3a3ab09c4bf8
V,/content/asl-static-recognition/data/raw/asl_dataset/V/P5_V_453.jpg,ok,beb158214d986de414669b316a1faf51b1935aeef503c11171fd03357db935c7
V,/content/asl-static-recognition/data/raw/asl_dataset/V/P5_V_454.jpg,ok,bfdf5bd9bec1f4edb1d8c95f766e64aee4c360e1ed5991c4b4f8ffebc837556a
V,/content/asl-static-recognition/data/raw/asl_dataset/V/P5_V_455.jpg,ok,e486af7f8ee564621f0f8107dce49ddf2c0b1b96a7ac602f3dc12e79fece025d
V,/content/asl-static-recognition/data/raw/asl_dataset/V/P5_V_456.jpg,ok,081ab59c82c9c077606582db44a7411ca417b2ec837ad66820a21a4efb20f153
V,/content/asl-static-recognition/data/raw/asl_dataset/V/P5_V_457.jpg,ok,5e26217d78517bef3ccf5f12069cb9ccb0d6badfa6a6dafb4882cdb3e0c0db1f
V,/content/asl-static-recognition/data/raw/asl_dataset/V/P5_V_458.jpg,ok,4e0df8316a28166b754a647a9b56ef7caec2092161448cd6fd14267957e1f125
V,/content/asl-static-recognition/data/raw/asl_dataset/V/P5_V_459.jpg,ok,56d321d42263fe201f45a942ffda180ff00562d3f7647658cd6f222930e060f5
V,/content/asl-static-recognition/data/raw/asl_dataset/V/P5_V_460.jpg,ok,3648cf61b62128354e111cdc01866b860f9c853553440f776ef99e6e1d9542e2
V,/content/asl-static-recognition/data/raw/asl_dataset/V/P5_V_461.jpg,ok,e32d79e92875c3c7433e0f38f8d7be34b6c67a378b2822ba373e4531b1fe5a10
V,/content/asl-static-recognition/data/raw/asl_dataset/V/P5_V_462.jpg,ok,07d10543eb192cd2941b52d7003cc9f82f9e350efff983be3591a0938b09153c
V,/content/asl-static-recognition/data/raw/asl_dataset/V/P5_V_463.jpg,ok,ea444c69d5f13d3433b726db1065aac5678443582a5fab89a1e1667e772ce86d
V,/content/asl-static-recognition/data/raw/asl_dataset/V/P5_V_464.jpg,ok,3fab8a1e381c7564e3aec14d4e9534d14cd5a80d5d869fd6a54940255a28b5f1
V,/content/asl-static-recognition/data/raw/asl_dataset/V/P5_V_465.jpg,ok,ee89f2bf787e98d34ee30282f07fbb1de3745b5a89983e977523c25ed8ce8186
V,/content/asl-static-recognition/data/raw/asl_dataset/V/P5_V_466.jpg,ok,41f0f1cf7d3228b615f18e58bee9cc0c2f92d4b908588ec1b1e04b7aa5a6c717
V,/content/asl-static-recognition/data/raw/asl_dataset/V/P5_V_467.jpg,ok,6864d2c6303bff82d8450c8a64d823052df7a02db21a76f28057a3b52fb30856
V,/content/asl-static-recognition/data/raw/asl_dataset/V/P5_V_468.jpg,ok,31e366bdf7026a099abefd2d90199b0b31ebe442b624edd2ce4e4da33706092b
V,/content/asl-static-recognition/data/raw/asl_dataset/V/P5_V_469.jpg,ok,e791a544fd8bcf3915a5b6f94337ddbb21e1511e718911303b16f14e94692f13
V,/content/asl-static-recognition/data/raw/asl_dataset/V/P5_V_470.jpg,ok,8af85ed276dc078cb15e4bcf7aa409fec29142b59e8fdaa58cc179b5ae43f6b3
V,/content/asl-static-recognition/data/raw/asl_dataset/V/P5_V_471.jpg,ok,6e70fd076107e9d988ccad750282f20643b325c652e29711d68b58965aed7ea3
V,/content/asl-static-recognition/data/raw/asl_dataset/V/P5_V_472.jpg,ok,936088caddc4673cfdbda127397fa547008d145c106707277f214b0722b7f902
V,/content/asl-static-recognition/data/raw/asl_dataset/V/P5_V_473.jpg,ok,1b43b7b396232e6e7db496129f324b67eb0325b1af9e7de55c834d8d29712d17
V,/content/asl-static-recognition/data/raw/asl_dataset/V/P5_V_474.jpg,ok,012475b18d39478daad9c2850790289579616377cd38422f6dcea4dfccf91dc5
V,/content/asl-static-recognition/data/raw/asl_dataset/V/P5_V_475.jpg,ok,b20e98e436036f1baf0e2d1d1791a6808e7436560162d8ca229ee5de0964afca
V,/content/asl-static-recognition/data/raw/asl_dataset/V/P5_V_476.jpg,ok,8cdccd5bce118bd41f69bef0965c9e6bb4576a6588dda05979b70eb3fb921507
V,/content/asl-static-recognition/data/raw/asl_dataset/V/P5_V_477.jpg,ok,717638e88ce029d3fc0f535cd005f020c1c19e814254d7e81792e1f1a73582a7
V,/content/asl-static-recognition/data/raw/asl_dataset/V/P5_V_478.jpg,ok,b58276003c4756862aa3d910b55dccfeba80c5d48e3480e9123fe291c5ae5bec
V,/content/asl-static-recognition/data/raw/asl_dataset/V/P5_V_479.jpg,ok,a77ca544390137ba6ccc0c4f6ed187f881cb9c18be89c18823469df76a2ff91a
V,/content/asl-static-recognition/data/raw/asl_dataset/V/P5_V_480.jpg,ok,07584b8d5767bf88d8baa1d8f36cfc674a7a3f855896ef73bc2f3f95d57d7a5f
V,/content/asl-static-recognition/data/raw/asl_dataset/V/P5_V_481.jpg,ok,c56ddbc20974da8bcce3ddc5dfc6746fd09fd839e66f6ae6bd8f25b2e0bd208f
V,/content/asl-static-recognition/data/raw/asl_dataset/V/P5_V_482.jpg,ok,a8e9a71439122e4e1079755b272bcfab26ecace2b6086331a75a4b46d1a2c599
V,/content/asl-static-recognition/data/raw/asl_dataset/V/P5_V_483.jpg,ok,6444a0e0065baf2ece864dd4ad2c3f73307ce7050b7213422278c52cc9446c98
V,/content/asl-static-recognition/data/raw/asl_dataset/V/P5_V_484.jpg,ok,3bbbc182f4f105c86a8c51e249de5e3970a0228c4e08e188c9bb73bd36272adb
V,/content/asl-static-recognition/data/raw/asl_dataset/V/P5_V_485.jpg,ok,6c4250389f3759aab2330170b7fd76b15eb8c6d54b1837e971c4f475acfa515f
V,/content/asl-static-recognition/data/raw/asl_dataset/V/P5_V_486.jpg,ok,b09c510422d02face6195abbd68fe34a7bca1a7397095f9b3852e1fe2fc39a9b
V,/content/asl-static-recognition/data/raw/asl_dataset/V/P5_V_487.jpg,ok,f15fa9640a510477a886f6e91aa4fdb873ce37c4a6ef5394fc0ee3da90e0bb01
V,/content/asl-static-recognition/data/raw/asl_dataset/V/P5_V_488.jpg,ok,5754cbb21ea095c3cebcbb51a52a16b24dbbe48bfe02220f4ca6a03752d7d70e
V,/content/asl-static-recognition/data/raw/asl_dataset/V/P5_V_489.jpg,ok,bd23cc40d38740af6118785df6dc5422c847846635ceb4826ea18b484001d245
V,/content/asl-static-recognition/data/raw/asl_dataset/V/P5_V_490.jpg,ok,1859e6aa3eeef973736b0fd364f1a1380dbb36aa71d31b3859c83bc733b16f62
V,/content/asl-static-recognition/data/raw/asl_dataset/V/P5_V_491.jpg,ok,6e6f30be750944792ebc08f1528ac81721b2e85fc292c5874dfc7ddea72382ed
V,/content/asl-static-recognition/data/raw/asl_dataset/V/P5_V_492.jpg,ok,d69d55541a935cfec2ba1ba9bee6c5a149a8c52fbf01172b6c262b3b6387c43b
V,/content/asl-static-recognition/data/raw/asl_dataset/V/P5_V_493.jpg,ok,083814daa759927c5ec72b9a4d74aaf2aec0b8daff38f6c5680694fe1f174b45
V,/content/asl-static-recognition/data/raw/asl_dataset/V/P5_V_494.jpg,ok,6140595d1c9e9f155001bd255747451f456971fd3fc217e00c501f71fea5e63c
V,/content/asl-static-recognition/data/raw/asl_dataset/V/P5_V_495.jpg,ok,fda72d5ef30268cc08e72fab2ee49923ff4ed8b25954fc9eb641a1e54160f3d0
V,/content/asl-static-recognition/data/raw/asl_dataset/V/P5_V_496.jpg,ok,5192cb104196404394093b539c4decda6be6f7d004926cba637956c358e6dcf5
V,/content/asl-static-recognition/data/raw/asl_dataset/V/P5_V_497.jpg,ok,c229f88bcc95ee679184e5268c0076f7a4314a47e52cc3f597eb01641739b39f
V,/content/asl-static-recognition/data/raw/asl_dataset/V/P5_V_498.jpg,ok,7f585b812e2a4dfe43d2df928fb16f25f7935f21964fda3d42e9081cc99a7418
V,/content/asl-static-recognition/data/raw/asl_dataset/V/P5_V_499.jpg,ok,302e58033a1bf72eb7c338030a188b181a151ce43154df800e2d476bef561404
V,/content/asl-static-recognition/data/raw/asl_dataset/V/P5_V_500.jpg,ok,319c2550ac60e8f976ac60ab341fd7d72efa7e13d317292b6b39ae2e106a1018
V,/content/asl-static-recognition/data/raw/asl_dataset/V/P6_V_501.jpg,ok,634c3624e35f39a37924399aadc7dbcb4d956de6a04c2b3b30952e96f500f0c6
V,/content/asl-static-recognition/data/raw/asl_dataset/V/P6_V_502.jpg,ok,4e4a44401105fe2a83af54e4d894cfa84c83bf4522693e74885c5e0d752b3f48
V,/content/asl-static-recognition/data/raw/asl_dataset/V/P6_V_503.jpg,ok,d14c24f1b48a8e8820662dcd090ac26f09bae7d23e42cea1a8cd8f03e43afbc5
V,/content/asl-static-recognition/data/raw/asl_dataset/V/P6_V_504.jpg,ok,0def093d2b094ad5e8de72b6864fe5810453b58732285f6f77921309f5138bf6
V,/content/asl-static-recognition/data/raw/asl_dataset/V/P6_V_505.jpg,ok,d51760241782dbf5e1eac5a1701847426ac5109e63a5e180725bfd8d2f3c92b1
V,/content/asl-static-recognition/data/raw/asl_dataset/V/P6_V_506.jpg,ok,991f0386f6e2c40c4e1393e4e287ad90f61c3d70fb4c9d74055fb67bf92d82ab
V,/content/asl-static-recognition/data/raw/asl_dataset/V/P6_V_507.jpg,ok,ceb29a52a5cdf7bae20f9738b82bbcce69bc1e7e8507de7560d21b20250e490f
V,/content/asl-static-recognition/data/raw/asl_dataset/V/P6_V_508.jpg,ok,a2635923c774ae75e763801739fb3d569ebfc0b13b0275e6895b3e79b1701f05
V,/content/asl-static-recognition/data/raw/asl_dataset/V/P6_V_509.jpg,ok,63c8289011d74373059578f66971d61a7d8175efd6762287bc5d3dfe27636dff
V,/content/asl-static-recognition/data/raw/asl_dataset/V/P6_V_510.jpg,ok,36bc4f6651a4b141a8c7a761fae171f04be91ac22bf2235658fc16330718f365
V,/content/asl-static-recognition/data/raw/asl_dataset/V/P6_V_511.jpg,ok,fe0670cfa063993ea04003ef0e51a9aa30f6b7ae3a88f5a6b38442a93b5b6121
V,/content/asl-static-recognition/data/raw/asl_dataset/V/P6_V_512.jpg,ok,89d286f43f836c4b911f1f78170ec1a83c49ce55a2e5c0de5911f940378e4581
V,/content/asl-static-recognition/data/raw/asl_dataset/V/P6_V_513.jpg,ok,47dda386be8f27d372a4c88990131898ac682c6096dfba1bbf17ddb993556cef
V,/content/asl-static-recognition/data/raw/asl_dataset/V/P6_V_514.jpg,ok,425d245eda7d1c219e58d9aff8ae99b95615573660ccbd6eb41a8e9b7ddc011e
V,/content/asl-static-recognition/data/raw/asl_dataset/V/P6_V_515.jpg,ok,b7ad3e2944eda7d797f34599c5f412244bc0c3b270b43bc810102481a14e5612
V,/content/asl-static-recognition/data/raw/asl_dataset/V/P6_V_516.jpg,ok,60448a19294bd1f5bf51b1085af10236e4c77f344b246920a6ec6baf99bbebe6
V,/content/asl-static-recognition/data/raw/asl_dataset/V/P6_V_517.jpg,ok,298d89cb659aacf1ae502a4f8ac23d49f69cb3392da272059816967dd2a8bed8
V,/content/asl-static-recognition/data/raw/asl_dataset/V/P6_V_518.jpg,ok,dc6aa30fbdd000e610b6e3bccfa79d0a22a01172379d5fb1bbf5f6e00e694b72
V,/content/asl-static-recognition/data/raw/asl_dataset/V/P6_V_519.jpg,ok,54e6c0e3c35c6211f457ce02b94d3dea8d5b4f0134f1fa8791b033ef303cbf61
V,/content/asl-static-recognition/data/raw/asl_dataset/V/P6_V_520.jpg,ok,fc409c7b1532c3a04933e2a6f12c23168d90dcd3e4bdb7a3333f8edd00f8ed2c
V,/content/asl-static-recognition/data/raw/asl_dataset/V/P6_V_521.jpg,ok,100883bcd8b8ab76f02b85a1fb3e4417b84c80d0ab8adc08cb629a65a0230d9d
V,/content/asl-static-recognition/data/raw/asl_dataset/V/P6_V_522.jpg,ok,4e0ed52b3c1190127fcd9d51c9bad3351c21e2b2d06bf51b81fc39fb0362d31b
V,/content/asl-static-recognition/data/raw/asl_dataset/V/P6_V_523.jpg,ok,c8c2e227bc15c3097a1c0dbb4dc28832ab770ef9ca726c985c3f23755e6c3d45
V,/content/asl-static-recognition/data/raw/asl_dataset/V/P6_V_524.jpg,ok,51f3db7196d7c1a1f50b8dec1b7841029ae63ccc77b107c3bd473b11f59429a8
V,/content/asl-static-recognition/data/raw/asl_dataset/V/P6_V_525.jpg,ok,94d76f63bd54717f1d01a2fd4d7e2d5f43ca5ccf55ffcc55d06ab8898777ade7
V,/content/asl-static-recognition/data/raw/asl_dataset/V/P6_V_526.jpg,ok,7591c27d999e7db6803297ba99385cc4f1a074606e2c3ae926511d80e7ee7a86
V,/content/asl-static-recognition/data/raw/asl_dataset/V/P6_V_527.jpg,ok,27ae18d7baa50a440a72d5811f7ce9c28ea8a39ad50e115e9d0b5b01aa737830
V,/content/asl-static-recognition/data/raw/asl_dataset/V/P6_V_528.jpg,ok,0b49ec538607b31be387732a380a803d77fa0f603056550fc55f11a70cf00f37
V,/content/asl-static-recognition/data/raw/asl_dataset/V/P6_V_529.jpg,ok,17b74a4f982b9fa71057114fb7aa093f17a6eee03252f0a91ee3f5205c06c715
V,/content/asl-static-recognition/data/raw/asl_dataset/V/P6_V_530.jpg,ok,219ccc5f51ac3939613512f59e4f99d79cd30f3138c2b4434dc7e86294139b51
V,/content/asl-static-recognition/data/raw/asl_dataset/V/P6_V_531.jpg,ok,bfb5beac5c749d6af6bd9dc9c5f36dc5105fd4d9a3d09535f7210b5c4710c88a
V,/content/asl-static-recognition/data/raw/asl_dataset/V/P6_V_532.jpg,ok,0e4c861a3898c7f1e68351916bc788d5db089cd0446b153bcbe72d4e4091cf52
V,/content/asl-static-recognition/data/raw/asl_dataset/V/P6_V_533.jpg,ok,31d4938d83b90ad31bf08430840467057fde80cd228ba0c99876d463840a5a00
V,/content/asl-static-recognition/data/raw/asl_dataset/V/P6_V_534.jpg,ok,6511a972c26385b8dec249fb0c513aff162154dea0feb668241db3b30ff88b92
V,/content/asl-static-recognition/data/raw/asl_dataset/V/P6_V_535.jpg,ok,275dff43b0aad5089b719f61bec954b7e074409e85406655244035b4b4f13c0a
V,/content/asl-static-recognition/data/raw/asl_dataset/V/P6_V_536.jpg,ok,16416c6581165ab9c2c0d95dd11cd11e6c3004105ab6b3cdd9266bf674b8e4fb
V,/content/asl-static-recognition/data/raw/asl_dataset/V/P6_V_537.jpg,ok,39809bfe4442eca2b0a958f007bf671b2d5537a6e0ef9b0537a32635d553e163
V,/content/asl-static-recognition/data/raw/asl_dataset/V/P6_V_538.jpg,ok,0735ba732ccf270a468a5744d05c4b686737411f8798b158522b91e884a71e8f
V,/content/asl-static-recognition/data/raw/asl_dataset/V/P6_V_539.jpg,ok,bef45366c2e7c40a67f6fe5c9653cf76b52fe0a6d9387dc8e47aac444ac31eb5
V,/content/asl-static-recognition/data/raw/asl_dataset/V/P6_V_540.jpg,ok,efefa52c775bace56d7d01298f5ee33883b64eb0ba92ed435f0d505de7bdf86f
V,/content/asl-static-recognition/data/raw/asl_dataset/V/P6_V_541.jpg,ok,2d952f2900dc3d8f5de6a92880155ac2edb810881442f2176ca063587aa6bc32
V,/content/asl-static-recognition/data/raw/asl_dataset/V/P6_V_542.jpg,ok,f9754a0fac37e7a710c53cc31086d8bcc92567ded0aff37b8923c6390ff29565
V,/content/asl-static-recognition/data/raw/asl_dataset/V/P6_V_543.jpg,ok,29487c7cfe3f7ca47301d96a3df6b46c32f7e13e212aff26538f52979ec95eea
V,/content/asl-static-recognition/data/raw/asl_dataset/V/P6_V_544.jpg,ok,228b455ee09e160dca9fcbcf7a6e3eae85ccd31413e7c2f363b82e476979d9f7
V,/content/asl-static-recognition/data/raw/asl_dataset/V/P6_V_545.jpg,ok,0724e31fb884f5e304ee24b12f2ac6bb43dadb7f279020e80f5747bf576a77d6
V,/content/asl-static-recognition/data/raw/asl_dataset/V/P6_V_546.jpg,ok,db2a1bd018add15bc77f45ee257799d16fff63fa97bad976bee73f0df413d0fc
V,/content/asl-static-recognition/data/raw/asl_dataset/V/P6_V_547.jpg,ok,159cbd1505b0d2624ce350b651a0ece821d499d2197fa1b7adcab8fa8c52185e
V,/content/asl-static-recognition/data/raw/asl_dataset/V/P6_V_548.jpg,ok,184e0c2f4d5589bdc4f1aad0c93dabc76728cdebb880e8fa59369b8c74757f73
V,/content/asl-static-recognition/data/raw/asl_dataset/V/P6_V_549.jpg,ok,f74122dadbcd9c12500ce7d3424b276e25aabaad6fa54787a18cb303fe71293b
V,/content/asl-static-recognition/data/raw/asl_dataset/V/P6_V_550.jpg,ok,21da1607f1417147c0108c10451dc9647b4eb4b2b0feb2ef98b84b5e6d65825c
V,/content/asl-static-recognition/data/raw/asl_dataset/V/P6_V_551.jpg,ok,27eed542e0a6721016b63ce8984bbbee675e1d7e6ad5aa78848c1b9e775ccbcb
V,/content/asl-static-recognition/data/raw/asl_dataset/V/P6_V_552.jpg,ok,7a5c6a69494753fbcdf177657ac9256773092918e0ad5b3bc64b3a3ab09c4bf8
V,/content/asl-static-recognition/data/raw/asl_dataset/V/P6_V_553.jpg,ok,beb158214d986de414669b316a1faf51b1935aeef503c11171fd03357db935c7
V,/content/asl-static-recognition/data/raw/asl_dataset/V/P6_V_554.jpg,ok,bfdf5bd9bec1f4edb1d8c95f766e64aee4c360e1ed5991c4b4f8ffebc837556a
V,/content/asl-static-recognition/data/raw/asl_dataset/V/P6_V_555.jpg,ok,e486af7f8ee564621f0f8107dce49ddf2c0b1b96a7ac602f3dc12e79fece025d
V,/content/asl-static-recognition/data/raw/asl_dataset/V/P6_V_556.jpg,ok,081ab59c82c9c077606582db44a7411ca417b2ec837ad66820a21a4efb20f153
V,/content/asl-static-recognition/data/raw/asl_dataset/V/P6_V_557.jpg,ok,5e26217d78517bef3ccf5f12069cb9ccb0d6badfa6a6dafb4882cdb3e0c0db1f
V,/content/asl-static-recognition/data/raw/asl_dataset/V/P6_V_558.jpg,ok,4e0df8316a28166b754a647a9b56ef7caec2092161448cd6fd14267957e1f125
V,/content/asl-static-recognition/data/raw/asl_dataset/V/P6_V_559.jpg,ok,56d321d42263fe201f45a942ffda180ff00562d3f7647658cd6f222930e060f5
V,/content/asl-static-recognition/data/raw/asl_dataset/V/P6_V_560.jpg,ok,3648cf61b62128354e111cdc01866b860f9c853553440f776ef99e6e1d9542e2
V,/content/asl-static-recognition/data/raw/asl_dataset/V/P6_V_561.jpg,ok,e32d79e92875c3c7433e0f38f8d7be34b6c67a378b2822ba373e4531b1fe5a10
V,/content/asl-static-recognition/data/raw/asl_dataset/V/P6_V_562.jpg,ok,07d10543eb192cd2941b52d7003cc9f82f9e350efff983be3591a0938b09153c
V,/content/asl-static-recognition/data/raw/asl_dataset/V/P6_V_563.jpg,ok,ea444c69d5f13d3433b726db1065aac5678443582a5fab89a1e1667e772ce86d
V,/content/asl-static-recognition/data/raw/asl_dataset/V/P6_V_564.jpg,ok,3fab8a1e381c7564e3aec14d4e9534d14cd5a80d5d869fd6a54940255a28b5f1
V,/content/asl-static-recognition/data/raw/asl_dataset/V/P6_V_565.jpg,ok,ee89f2bf787e98d34ee30282f07fbb1de3745b5a89983e977523c25ed8ce8186
V,/content/asl-static-recognition/data/raw/asl_dataset/V/P6_V_566.jpg,ok,41f0f1cf7d3228b615f18e58bee9cc0c2f92d4b908588ec1b1e04b7aa5a6c717
V,/content/asl-static-recognition/data/raw/asl_dataset/V/P6_V_567.jpg,ok,6864d2c6303bff82d8450c8a64d823052df7a02db21a76f28057a3b52fb30856
V,/content/asl-static-recognition/data/raw/asl_dataset/V/P6_V_568.jpg,ok,31e366bdf7026a099abefd2d90199b0b31ebe442b624edd2ce4e4da33706092b
V,/content/asl-static-recognition/data/raw/asl_dataset/V/P6_V_569.jpg,ok,e791a544fd8bcf3915a5b6f94337ddbb21e1511e718911303b16f14e94692f13
V,/content/asl-static-recognition/data/raw/asl_dataset/V/P6_V_570.jpg,ok,8af85ed276dc078cb15e4bcf7aa409fec29142b59e8fdaa58cc179b5ae43f6b3
V,/content/asl-static-recognition/data/raw/asl_dataset/V/P6_V_571.jpg,ok,6e70fd076107e9d988ccad750282f20643b325c652e29711d68b58965aed7ea3
V,/content/asl-static-recognition/data/raw/asl_dataset/V/P6_V_572.jpg,ok,936088caddc4673cfdbda127397fa547008d145c106707277f214b0722b7f902
V,/content/asl-static-recognition/data/raw/asl_dataset/V/P6_V_573.jpg,ok,1b43b7b396232e6e7db496129f324b67eb0325b1af9e7de55c834d8d29712d17
V,/content/asl-static-recognition/data/raw/asl_dataset/V/P6_V_574.jpg,ok,012475b18d39478daad9c2850790289579616377cd38422f6dcea4dfccf91dc5
V,/content/asl-static-recognition/data/raw/asl_dataset/V/P6_V_575.jpg,ok,b20e98e436036f1baf0e2d1d1791a6808e7436560162d8ca229ee5de0964afca
V,/content/asl-static-recognition/data/raw/asl_dataset/V/P6_V_576.jpg,ok,8cdccd5bce118bd41f69bef0965c9e6bb4576a6588dda05979b70eb3fb921507
V,/content/asl-static-recognition/data/raw/asl_dataset/V/P6_V_577.jpg,ok,717638e88ce029d3fc0f535cd005f020c1c19e814254d7e81792e1f1a73582a7
V,/content/asl-static-recognition/data/raw/asl_dataset/V/P6_V_578.jpg,ok,b58276003c4756862aa3d910b55dccfeba80c5d48e3480e9123fe291c5ae5bec
V,/content/asl-static-recognition/data/raw/asl_dataset/V/P6_V_579.jpg,ok,a77ca544390137ba6ccc0c4f6ed187f881cb9c18be89c18823469df76a2ff91a
V,/content/asl-static-recognition/data/raw/asl_dataset/V/P6_V_580.jpg,ok,07584b8d5767bf88d8baa1d8f36cfc674a7a3f855896ef73bc2f3f95d57d7a5f
V,/content/asl-static-recognition/data/raw/asl_dataset/V/P6_V_581.jpg,ok,c56ddbc20974da8bcce3ddc5dfc6746fd09fd839e66f6ae6bd8f25b2e0bd208f
V,/content/asl-static-recognition/data/raw/asl_dataset/V/P6_V_582.jpg,ok,a8e9a71439122e4e1079755b272bcfab26ecace2b6086331a75a4b46d1a2c599
V,/content/asl-static-recognition/data/raw/asl_dataset/V/P6_V_583.jpg,ok,6444a0e0065baf2ece864dd4ad2c3f73307ce7050b7213422278c52cc9446c98
V,/content/asl-static-recognition/data/raw/asl_dataset/V/P6_V_584.jpg,ok,3bbbc182f4f105c86a8c51e249de5e3970a0228c4e08e188c9bb73bd36272adb
V,/content/asl-static-recognition/data/raw/asl_dataset/V/P6_V_585.jpg,ok,6c4250389f3759aab2330170b7fd76b15eb8c6d54b1837e971c4f475acfa515f
V,/content/asl-static-recognition/data/raw/asl_dataset/V/P6_V_586.jpg,ok,b09c510422d02face6195abbd68fe34a7bca1a7397095f9b3852e1fe2fc39a9b
V,/content/asl-static-recognition/data/raw/asl_dataset/V/P6_V_587.jpg,ok,f15fa9640a510477a886f6e91aa4fdb873ce37c4a6ef5394fc0ee3da90e0bb01
V,/content/asl-static-recognition/data/raw/asl_dataset/V/P6_V_588.jpg,ok,5754cbb21ea095c3cebcbb51a52a16b24dbbe48bfe02220f4ca6a03752d7d70e
V,/content/asl-static-recognition/data/raw/asl_dataset/V/P6_V_589.jpg,ok,bd23cc40d38740af6118785df6dc5422c847846635ceb4826ea18b484001d245
V,/content/asl-static-recognition/data/raw/asl_dataset/V/P6_V_590.jpg,ok,1859e6aa3eeef973736b0fd364f1a1380dbb36aa71d31b3859c83bc733b16f62
V,/content/asl-static-recognition/data/raw/asl_dataset/V/P6_V_591.jpg,ok,6e6f30be750944792ebc08f1528ac81721b2e85fc292c5874dfc7ddea72382ed
V,/content/asl-static-recognition/data/raw/asl_dataset/V/P6_V_592.jpg,ok,d69d55541a935cfec2ba1ba9bee6c5a149a8c52fbf01172b6c262b3b6387c43b
V,/content/asl-static-recognition/data/raw/asl_dataset/V/P6_V_593.jpg,ok,083814daa759927c5ec72b9a4d74aaf2aec0b8daff38f6c5680694fe1f174b45
V,/content/asl-static-recognition/data/raw/asl_dataset/V/P6_V_594.jpg,ok,6140595d1c9e9f155001bd255747451f456971fd3fc217e00c501f71fea5e63c
V,/content/asl-static-recognition/data/raw/asl_dataset/V/P6_V_595.jpg,ok,fda72d5ef30268cc08e72fab2ee49923ff4ed8b25954fc9eb641a1e54160f3d0
V,/content/asl-static-recognition/data/raw/asl_dataset/V/P6_V_596.jpg,ok,5192cb104196404394093b539c4decda6be6f7d004926cba637956c358e6dcf5
V,/content/asl-static-recognition/data/raw/asl_dataset/V/P6_V_597.jpg,ok,c229f88bcc95ee679184e5268c0076f7a4314a47e52cc3f597eb01641739b39f
V,/content/asl-static-recognition/data/raw/asl_dataset/V/P6_V_598.jpg,ok,7f585b812e2a4dfe43d2df928fb16f25f7935f21964fda3d42e9081cc99a7418
V,/content/asl-static-recognition/data/raw/asl_dataset/V/P6_V_599.jpg,ok,302e58033a1bf72eb7c338030a188b181a151ce43154df800e2d476bef561404
V,/content/asl-static-recognition/data/raw/asl_dataset/V/P6_V_600.jpg,ok,319c2550ac60e8f976ac60ab341fd7d72efa7e13d317292b6b39ae2e106a1018
W,/content/asl-static-recognition/data/raw/asl_dataset/W/P10_W_907.jpg,ok,ac1d2c0244e42a6ad643b76b78a5ce95c48a679d40c90dac127accab489ac8e7
W,/content/asl-static-recognition/data/raw/asl_dataset/W/P10_W_908.jpg,ok,ac1d2c0244e42a6ad643b76b78a5ce95c48a679d40c90dac127accab489ac8e7
W,/content/asl-static-recognition/data/raw/asl_dataset/W/P10_W_909.jpg,ok,ac1d2c0244e42a6ad643b76b78a5ce95c48a679d40c90dac127accab489ac8e7
W,/content/asl-static-recognition/data/raw/asl_dataset/W/P10_W_998.jpg,ok,16a26ed2878da8a9b515f98dff90d99daa25bc67e3ae191af7c094106397c18f
W,/content/asl-static-recognition/data/raw/asl_dataset/W/P10_W_999.jpg,ok,16a26ed2878da8a9b515f98dff90d99daa25bc67e3ae191af7c094106397c18f
W,/content/asl-static-recognition/data/raw/asl_dataset/W/P2_W_181.jpg,ok,8d923f414da75c5db90eadcaf0e7bdfde1771a51714a85b70a336877169b4518
W,/content/asl-static-recognition/data/raw/asl_dataset/W/P2_W_182.jpg,ok,8d923f414da75c5db90eadcaf0e7bdfde1771a51714a85b70a336877169b4518
X,/content/asl-static-recognition/data/raw/asl_dataset/X/P10_X_919.jpg,ok,ffaac5c5cb48a24639f9745a81257e06765c8c91ea92666b3d4e4ffecf7c2f49
X,/content/asl-static-recognition/data/raw/asl_dataset/X/P10_X_920.jpg,ok,ffaac5c5cb48a24639f9745a81257e06765c8c91ea92666b3d4e4ffecf7c2f49
X,/content/asl-static-recognition/data/raw/asl_dataset/X/P10_X_957.jpg,ok,8d703887365266640e60ea608102bd901f5419cf4749c8b21f9cd2458ec86aa6
X,/content/asl-static-recognition/data/raw/asl_dataset/X/P10_X_968.jpg,ok,8d703887365266640e60ea608102bd901f5419cf4749c8b21f9cd2458ec86aa6
X,/content/asl-static-recognition/data/raw/asl_dataset/X/P10_X_979.jpg,ok,8d703887365266640e60ea608102bd901f5419cf4749c8b21f9cd2458ec86aa6
X,/content/asl-static-recognition/data/raw/asl_dataset/X/P2_X_165.jpg,ok,6952d15e8c2cde15e96a019deef7d441af5929a1519944e4fa850c65fcea620c
X,/content/asl-static-recognition/data/raw/asl_dataset/X/P2_X_166.jpg,ok,6952d15e8c2cde15e96a019deef7d441af5929a1519944e4fa850c65fcea620c
X,/content/asl-static-recognition/data/raw/asl_dataset/X/P2_X_167.jpg,ok,e637208e2e7c1994cde1fd8227a3060d18a5870348fbbee5c696cfa83800f6e9
X,/content/asl-static-recognition/data/raw/asl_dataset/X/P2_X_169.jpg,ok,e637208e2e7c1994cde1fd8227a3060d18a5870348fbbee5c696cfa83800f6e9
X,/content/asl-static-recognition/data/raw/asl_dataset/X/P2_X_170.jpg,ok,e637208e2e7c1994cde1fd8227a3060d18a5870348fbbee5c696cfa83800f6e9
X,/content/asl-static-recognition/data/raw/asl_dataset/X/P2_X_173.jpg,ok,f224fe50098a68bb0ae82a1b938688ab17c154fd8bf44fb4574b1ccd7ab3e555
X,/content/asl-static-recognition/data/raw/asl_dataset/X/P2_X_174.jpg,ok,f224fe50098a68bb0ae82a1b938688ab17c154fd8bf44fb4574b1ccd7ab3e555
X,/content/asl-static-recognition/data/raw/asl_dataset/X/P2_X_175.jpg,ok,f224fe50098a68bb0ae82a1b938688ab17c154fd8bf44fb4574b1ccd7ab3e555
X,/content/asl-static-recognition/data/raw/asl_dataset/X/P2_X_176.jpg,ok,f224fe50098a68bb0ae82a1b938688ab17c154fd8bf44fb4574b1ccd7ab3e555
X,/content/asl-static-recognition/data/raw/asl_dataset/X/P2_X_177.jpg,ok,f224fe50098a68bb0ae82a1b938688ab17c154fd8bf44fb4574b1ccd7ab3e555
X,/content/asl-static-recognition/data/raw/asl_dataset/X/P2_X_178.jpg,ok,34186e6e86c051a169daa151852d9370df8639a8fe8b3a2c5d573a86fb7fd0ff
X,/content/asl-static-recognition/data/raw/asl_dataset/X/P2_X_180.jpg,ok,34186e6e86c051a169daa151852d9370df8639a8fe8b3a2c5d573a86fb7fd0ff
X,/content/asl-static-recognition/data/raw/asl_dataset/X/P2_X_181.jpg,ok,34186e6e86c051a169daa151852d9370df8639a8fe8b3a2c5d573a86fb7fd0ff
X,/content/asl-static-recognition/data/raw/asl_dataset/X/P2_X_182.jpg,ok,34186e6e86c051a169daa151852d9370df8639a8fe8b3a2c5d573a86fb7fd0ff
Y,/content/asl-static-recognition/data/raw/asl_dataset/Y/P10_Y_929.jpg,ok,0beaa8401649c2813c183530c195e05dce235cee2d3feef6a35c6e8eeb530da9
Y,/content/asl-static-recognition/data/raw/asl_dataset/Y/P10_Y_930.jpg,ok,0beaa8401649c2813c183530c195e05dce235cee2d3feef6a35c6e8eeb530da9
Y,/content/asl-static-recognition/data/raw/asl_dataset/Y/P10_Y_933.jpg,ok,9daa5e41fb0a4870dea0085afb11f53d8e9f0ef6b946ac84cefdfaf54a876e2b
Y,/content/asl-static-recognition/data/raw/asl_dataset/Y/P10_Y_934.jpg,ok,9daa5e41fb0a4870dea0085afb11f53d8e9f0ef6b946ac84cefdfaf54a876e2b
Y,/content/asl-static-recognition/data/raw/asl_dataset/Y/P10_Y_971.jpg,ok,ab18a2e5297580a6dbde18b1ea09c6e8258ea3ae1799c4b2c38bfa4bf657ddb2
Y,/content/asl-static-recognition/data/raw/asl_dataset/Y/P10_Y_972.jpg,ok,ab18a2e5297580a6dbde18b1ea09c6e8258ea3ae1799c4b2c38bfa4bf657ddb2
Y,/content/asl-static-recognition/data/raw/asl_dataset/Y/P10_Y_973.jpg,ok,ab18a2e5297580a6dbde18b1ea09c6e8258ea3ae1799c4b2c38bfa4bf657ddb2
Y,/content/asl-static-recognition/data/raw/asl_dataset/Y/P10_Y_974.jpg,ok,1f5c2043f006627e1a6c2bdd857879adcd6410c132c2c1d2d48c7cfd76700cc6
Y,/content/asl-static-recognition/data/raw/asl_dataset/Y/P10_Y_975.jpg,ok,1f5c2043f006627e1a6c2bdd857879adcd6410c132c2c1d2d48c7cfd76700cc6
Y,/content/asl-static-recognition/data/raw/asl_dataset/Y/P10_Y_976.jpg,ok,1f5c2043f006627e1a6c2bdd857879adcd6410c132c2c1d2d48c7cfd76700cc6
Y,/content/asl-static-recognition/data/raw/asl_dataset/Y/P10_Y_980.jpg,ok,8c5aeecbaf36ecb1a7816b4c2a3ecaeed83e48905487d7ce9243ce2c6ccd5be5
Y,/content/asl-static-recognition/data/raw/asl_dataset/Y/P10_Y_981.jpg,ok,8c5aeecbaf36ecb1a7816b4c2a3ecaeed83e48905487d7ce9243ce2c6ccd5be5
Y,/content/asl-static-recognition/data/raw/asl_dataset/Y/P10_Y_982.jpg,ok,8c5aeecbaf36ecb1a7816b4c2a3ecaeed83e48905487d7ce9243ce2c6ccd5be5
Y,/content/asl-static-recognition/data/raw/asl_dataset/Y/P10_Y_983.jpg,ok,8c5aeecbaf36ecb1a7816b4c2a3ecaeed83e48905487d7ce9243ce2c6ccd5be5
Y,/content/asl-static-recognition/data/raw/asl_dataset/Y/P2_Y_107.jpg,ok,d3ab490a19ce69d9a35882abdc7970586189117991ef8a479f9661674031e2bf
Y,/content/asl-static-recognition/data/raw/asl_dataset/Y/P2_Y_108.jpg,ok,d3ab490a19ce69d9a35882abdc7970586189117991ef8a479f9661674031e2bf
Y,/content/asl-static-recognition/data/raw/asl_dataset/Y/P2_Y_166.jpg,ok,a5be6f539bb2061933e2eb09c2c130561021230bc2c8dfd880d5a41f892040b2
Y,/content/asl-static-recognition/data/raw/asl_dataset/Y/P2_Y_167.jpg,ok,a5be6f539bb2061933e2eb09c2c130561021230bc2c8dfd880d5a41f892040b2
Y,/content/asl-static-recognition/data/raw/asl_dataset/Y/P2_Y_179.jpg,ok,7f11f2e8c1f3d50ec879dc58b77bad1d054c6a0050cd1a8f67188451f50cc997
Y,/content/asl-static-recognition/data/raw/asl_dataset/Y/P2_Y_190.jpg,ok,7f11f2e8c1f3d50ec879dc58b77bad1d054c6a0050cd1a8f67188451f50cc997
Y,/content/asl-static-recognition/data/raw/asl_dataset/Y/P5_Y_419.jpg,ok,0b681ef7b1d0ef10e1bb9d6920500763c900d1b73169a8ae38ee5f29784322be
Y,/content/asl-static-recognition/data/raw/asl_dataset/Y/P5_Y_420.jpg,ok,0b681ef7b1d0ef10e1bb9d6920500763c900d1b73169a8ae38ee5f29784322be
Y,/content/asl-static-recognition/data/raw/asl_dataset/Y/P5_Y_421.jpg,ok,5ce42a51aba31cdf32d913f163480fcb038ed2c70f9a7709f979ff0e3861b7bd
Y,/content/asl-static-recognition/data/raw/asl_dataset/Y/P5_Y_422.jpg,ok,5ce42a51aba31cdf32d913f163480fcb038ed2c70f9a7709f979ff0e3861b7bd
Y,/content/asl-static-recognition/data/raw/asl_dataset/Y/P5_Y_487.jpg,ok,b17b6ab811751a3b797ecb9cc01c1c0b7e724189c1cfeac292c0c7c05ca8e98e
Y,/content/asl-static-recognition/data/raw/asl_dataset/Y/P5_Y_488.jpg,ok,b17b6ab811751a3b797ecb9cc01c1c0b7e724189c1cfeac292c0c7c05ca8e98e
Y,/content/asl-static-recognition/data/raw/asl_dataset/Y/P5_Y_489.jpg,ok,b17b6ab811751a3b797ecb9cc01c1c0b7e724189c1cfeac292c0c7c05ca8e98e
Y,/content/asl-static-recognition/data/raw/asl_dataset/Y/P5_Y_491.jpg,ok,b17b6ab811751a3b797ecb9cc01c1c0b7e724189c1cfeac292c0c7c05ca8e98e
Y,/content/asl-static-recognition/data/raw/asl_dataset/Y/P5_Y_492.jpg,ok,b17b6ab811751a3b797ecb9cc01c1c0b7e724189c1cfeac292c0c7c05ca8e98e
Z,/content/asl-static-recognition/data/raw/asl_dataset/Z/P10_Z_952.jpg,ok,f778cabad9608c21fd7515ff962b2b394bab90ad592a9919edc8d69ed0c80c67
Z,/content/asl-static-recognition/data/raw/asl_dataset/Z/P10_Z_953.jpg,ok,f778cabad9608c21fd7515ff962b2b394bab90ad592a9919edc8d69ed0c80c67
Z,/content/asl-static-recognition/data/raw/asl_dataset/Z/P10_Z_963.jpg,ok,52b79400d7465f93f522ee925b4be26fb279847d40207e9fb7efccb43e491f29
Z,/content/asl-static-recognition/data/raw/asl_dataset/Z/P10_Z_964.jpg,ok,52b79400d7465f93f522ee925b4be26fb279847d40207e9fb7efccb43e491f29
Z,/content/asl-static-recognition/data/raw/asl_dataset/Z/P10_Z_993.jpg,ok,2ae5cb51235b72e0195ffc4ea466ce15428cbd70cef56252d78a886b4444942b
Z,/content/asl-static-recognition/data/raw/asl_dataset/Z/P10_Z_994.jpg,ok,2ae5cb51235b72e0195ffc4ea466ce15428cbd70cef56252d78a886b4444942b
Z,/content/asl-static-recognition/data/raw/asl_dataset/Z/P4_Z_324.jpg,ok,ace692ef55a47af98f9eeb8409b1243dc36b67603d07cad2d337e86b9781582e
Z,/content/asl-static-recognition/data/raw/asl_dataset/Z/P4_Z_335.jpg,ok,ace692ef55a47af98f9eeb8409b1243dc36b67603d07cad2d337e86b9781582e
